mcc_overall,mcc_TER_L,mcc_MKW,mcc_ARCHDAM,mcc_SZC,mcc_KUD,mcc_TOR,mcc_KATMOJPRZ,mcc_LUMICE,mcc_KAL,mcc_KLU,mcc_LUX_A,mcc_AKS,mcc_ZOZLO,mcc_STG1,mcc_GAK,mcc_OST,mcc_OTW,mcc_PRZ,mcc_CHE,mcc_CMD,mcc_MOR,mcc_PUS,mcc_SL2,mcc_SRK,mcc_B2K,mcc_KIEG,mcc_PIO,mcc_SLU,mcc_WLU,mcc_Z04O,method,fold_id,pca_var,n_features
0.862339181112265,0.6771197092747837,0.7897365874659259,0.8611535017398172,0.8944501396197256,0.943284182957462,0.94188094854845,0.9168684073577199,0.9450988437035704,0.936847139468337,0.7889710416750608,0.8713026128515695,0.5543854386099066,0.7971135246843302,0.9104812030503713,0.7198486306228776,0.8010863041735833,0.8393651556416909,0.8108322382360384,0.4330225968415366,0.3069452397396015,0.9745873924169034,0.9045669525475192,0.4802543884673486,0.76063144209592,0.9341509569365141,0.31947689508219007,0.5061521900701601,0.9094826894909076,0.8173718578683694,0.9116184915711082,raw,0,,2850
0.8604077213128972,0.6638223410362789,0.8056505936865261,0.8652189216596694,0.8868348797541983,0.9080569310493999,0.9490917025455412,0.9029589822601122,0.9175868257050608,0.9388736617749275,0.7932382588241743,0.8532366008467419,0.6029349557401396,0.7731910253328311,0.8758181267967066,0.7810987068894528,0.7905151034860413,0.84717072533849,0.8141113666600595,0.3526869820219302,0.09189279442686395,0.9498111069134869,0.9531918858125361,0.533665760523565,0.8069968908692323,0.955424745889333,0.25963876187942353,0.6482127250689375,0.9112035452293682,0.8090355133066167,0.9242004776185047,raw,1,,2850
0.8674872738200955,0.6844610614592264,0.7906165159114615,0.8698964236499633,0.8937113848594638,0.9510796704527024,0.941166397811556,0.9171237508197114,0.928306329079199,0.8872390267121194,0.8402012974652419,0.8583721900836884,0.5279373802269604,0.8407864366518055,0.9361306597600029,0.6844247878282973,0.8221792255986512,0.8491762148208107,0.8649020658979879,0.48447710783706566,0.18776367095270177,0.9255578401667686,0.8572770651117633,0.49617437025802774,0.8293818150721802,0.9474437905374499,0.36861334496502507,0.606290352905619,0.8228251692022277,0.800654461174592,0.9208016115638592,raw,2,,2850
0.871278170155512,0.7044769908470895,0.8292148073483722,0.8724687857068776,0.8986086112448016,0.9296015391464734,0.9462480166604563,0.9318714553640082,0.9678771214445958,0.9569247637488487,0.8301763376186587,0.8519968069721818,0.5406589036881343,0.7236519109601136,0.9169828469828755,0.719848138008885,0.7902529602088467,0.8428985059811006,0.8753681718344183,0.4844769958561615,0.0800537847801593,0.9745873750299727,0.9394523437979628,0.5825002592116362,0.7883760761575273,0.9570456533404074,0.380377997754524,0.7964850500131013,0.9085571042369093,0.7863494872254504,0.9135030375972687,raw,3,,2850
0.8673142853251588,0.690504833064054,0.8407284793916406,0.8673160029084582,0.8973987712643303,0.9196135702123458,0.9454700806453682,0.9293986375823843,0.9182201344983265,0.9624652959437576,0.8237758225636137,0.8680326379662713,0.43208918031864224,0.8005235520463189,0.9308463186588649,0.7739372169478246,0.7898841764508124,0.8130194051434937,0.8198895621945004,0.3425124597357929,0.17512115997880356,0.9745873750299727,0.7840473826188696,0.5430982281020299,0.8098686831448269,0.9583370866192226,0.3686132203471401,0.6909443483492594,0.8891913025531206,0.7982018570726155,0.9090702487075067,raw,4,,2850
0.8370859098773422,0.6600552292586925,0.7762686856241516,0.8436272177573491,0.8666050767248669,0.9147223717476024,0.8933251358073651,0.8876700422475442,0.9066594835637589,0.9495421666748292,0.8332497640610126,0.8456241599837038,0.4708751058689247,0.773290328887749,0.8751039432689722,0.7672851766581348,0.7742097070265405,0.8347835565255644,0.7757440634545897,0.41952998103392014,0.15163129915911758,0.9485041490926234,0.8572770651117633,0.3526869820219302,0.6487942337309667,0.9157991652417512,0.3803781876517137,0.5469997637314212,0.8394253215020221,0.7860350907929661,0.86507423311731,raw,0,0.99,573
0.8420877897219343,0.662984982404705,0.8252730786414096,0.8528897155164467,0.8704268381142002,0.9296940614872083,0.8933249158148446,0.9095216125379771,0.9022038317442653,0.9102211340546031,0.8205542559414308,0.8631050329614803,0.5361809178028808,0.706872037850958,0.8842958426267278,0.8214922267935743,0.746004920313723,0.8063929851400703,0.7282682405832189,0.33283094671272995,0.08005453076806471,0.9485041490926234,0.870329158781027,0.3838114960058759,0.7760733672995048,0.92420311662649,0.3208697653696703,0.606290352905619,0.8470686670671224,0.8069914120240148,0.8913712658401377,raw,1,0.99,581
0.8459032852099317,0.6454291717118157,0.7773399326357157,0.852774401985651,0.871264530704563,0.9103460036753825,0.9171617298309294,0.9007320212948885,0.8847301527780251,0.8929461959742373,0.8032912298308319,0.8788362751690956,0.5873109223430228,0.8027019079129236,0.9515909645448624,0.7074543418164737,0.7865923437137949,0.7864624723112095,0.8026858671714912,0.24217015393018107,0.18627968111724513,0.8993956315966188,0.89175200126901,0.5489716103475087,0.7500425182480799,0.923424315271196,0.3009432051157941,0.5612629180179552,0.8383441923122533,0.7920037695484091,0.8787243142352665,raw,2,0.99,582
0.846060530289651,0.700264392873985,0.7813741928218311,0.8525154182675858,0.8734496925470764,0.8967601625541481,0.9028548582331055,0.9044000044113449,0.9025652379590412,0.9034972779490567,0.8046590577704632,0.876278520718394,0.3917880229334838,0.7055426122364336,0.9138780728735967,0.8081622330936769,0.7869315071095027,0.8048006135989602,0.8481106188883488,0.2792376916737111,0.20690310137335535,1.0,0.8926092378061901,0.41542471316518587,0.7348265650701782,0.921024740931357,0.2127788744156486,0.6109241105450992,0.872077714102769,0.7319702552265331,0.8910591939569348,raw,3,0.99,565
0.8399189130226988,0.6322669952209942,0.7791385882248245,0.864392628769931,0.8593131048120182,0.90441003416743,0.9035854367276642,0.8876209769038286,0.9182201344983265,0.93148213397114,0.8449847088811343,0.8203976686315826,0.48745721471552983,0.7005092056027841,0.908161373890863,0.7484772332473816,0.7331163057200678,0.8214681864122904,0.7412918790100259,0.24217008507721918,0.19582832640181,0.9745873750299727,0.7449016659379858,0.6660380322348614,0.782430908994109,0.9386828324455371,0.3188159837195272,0.5612627881910499,0.850145108988557,0.8030987335267057,0.9081331330458848,raw,4,0.99,601
0.8341589645197626,0.6210232825695339,0.740587031803659,0.8510216989024787,0.8611388521426521,0.9156130472712415,0.9199484772299715,0.8823700253534694,0.9152292233632786,0.9495421666748292,0.7975583334422772,0.8221191169877845,0.4592560736095171,0.7896447854064353,0.8392869294953295,0.7456187546775754,0.7669746761297823,0.8485067560191447,0.814464560128108,0.41952998103392014,0.13027801609569023,0.9485041490926234,0.8366376888651486,0.13496672983676733,0.6845477708370287,0.9163808092454756,0.3469076031588199,0.45548872153054054,0.8488327233031803,0.7742660092957503,0.8824779783847728,raw,0,0.95,208
0.8402441068239587,0.654897832413431,0.7956372250703927,0.8474634213621923,0.8672391014626124,0.9166633994871836,0.9114106550289307,0.8980313901960072,0.8933441964947157,0.9049366255868733,0.8055629960383737,0.8571462799650056,0.5169821574820901,0.7204769305425955,0.862273186046029,0.7706795389621399,0.741779349144507,0.8153673980355354,0.7835001992936435,0.407671369514555,0.03536094354064398,0.9216933304691839,0.8572770651117633,0.13496672983676733,0.8034925430025401,0.9241784832558633,0.2998615158217205,0.4673834359169979,0.8817029542939006,0.8341270673333011,0.8960202558765307,raw,1,0.95,212
0.844485102729149,0.6569071555521109,0.6908317884377415,0.8629123449166229,0.871915445554012,0.9222368150681965,0.9208556610981636,0.906567504004094,0.9052206427788388,0.8816371889750991,0.8173998394036894,0.8462177903559907,0.5263261177019036,0.8011667173366086,0.9330436448772776,0.6713790769032728,0.7722952671461948,0.8030345680254757,0.7933160565646051,0.2792378459125148,0.2836345474785396,0.9510100750134581,0.8746758352122553,0.5489716103475087,0.7379270389254929,0.9168844353630072,0.36861334496502507,0.5123123452450873,0.8383441923122533,0.7811420862381985,0.8824117325240655,raw,2,0.95,214
0.8414968239836819,0.6695081242302614,0.7922962832521908,0.8485120911381513,0.8665568682669388,0.9045343851239377,0.9153899198044497,0.9015851052492545,0.911221844073088,0.9155967119246559,0.7976010950324222,0.8768943911305442,0.5293929406160234,0.7052481620503883,0.9066880234569554,0.7672847964559512,0.757157421160374,0.7990989400653524,0.7953911246321739,0.24217008507721918,0.0715178260767877,1.0,0.8926092378061901,0.4207624895038501,0.7487566301926002,0.9260478284680393,0.30094309804069563,0.65211417996339,0.8485135297172309,0.73008764189063,0.9041826153102592,raw,3,0.95,203
0.838325362240943,0.6750223255051006,0.8268450738709007,0.8603537031143663,0.8612013272010531,0.90441003416743,0.8961454923299982,0.8940855697320261,0.9016161933426726,0.9266331934381153,0.8121442633476303,0.8213932296579148,0.4441935231902759,0.659125827762503,0.8868508554696395,0.719848138008885,0.718970851071019,0.8003615807958412,0.7765658428402804,-0.0007773586567811039,0.29146931243548607,0.9498110712261477,0.7692545078600309,0.6277390135963903,0.7828084180657116,0.9452383065332858,0.1498458876938599,0.6062902234267954,0.8634870501549554,0.780558024037339,0.9015775709025798,raw,4,0.95,224
0.8198894943112024,0.6607142028409747,0.8112347224746842,0.8360914082289909,0.8497851426368943,0.9290032773525322,0.9060000406478276,0.8764141580496568,0.9051071428571429,0.9314823347831103,0.7887665453475198,0.8152419213894402,0.49188359126389986,0.711612978336933,0.8423317560883036,0.6323441637979407,0.7271833212832326,0.8253875053866908,0.757053260191292,0.36296911505595525,0.03777147972925188,0.9745873924169034,0.8366376888651486,0.3526869820219302,0.6812881935980073,0.9016943058613951,0.3803781876517137,0.39905727002559876,0.8764231179867829,0.7399957646616018,0.8472285760982767,raw,0,0.9,110
0.8262037792233219,0.6248937847039665,0.7027620960982647,0.8443390859299812,0.8499550617227247,0.9296940614872083,0.9029780855681417,0.8919136344245524,0.8821053084915744,0.896728400100435,0.7635907509113196,0.8377783493201542,0.5618716378247498,0.6843946301842146,0.8110250123363867,0.7187050544200594,0.7475569975046087,0.8180031216354025,0.7691508804617972,0.407671369514555,0.0480886721054616,0.9485041490926234,0.8876091267443195,0.13496672983676733,0.7699603264566112,0.9260492651223416,0.26769493019512397,0.5193666530448214,0.8480593108703198,0.7754845946417864,0.8923947533103893,raw,1,0.9,112
0.8267047518137536,0.6507175893221298,0.6409394247008816,0.8369514876679478,0.8574774955383208,0.9166633994871836,0.913973029775464,0.8980238358268142,0.8847301527780251,0.8651268235661483,0.7919492872305905,0.8456241599837038,0.4685638381108979,0.7666009215460888,0.9299719875496852,0.6105753746205677,0.7030392093669308,0.7882985080139205,0.7839006238909108,0.2792378459125148,0.166760413541843,0.9255578401667686,0.8545216307812507,0.5489716103475087,0.7278788325075892,0.9021368863573621,0.24523142791135014,0.5123123452450873,0.8243584482879657,0.7474897623753333,0.8650443961267744,raw,2,0.9,113
0.8276299496761048,0.6390834883274378,0.7472785185998786,0.8436363469908098,0.8571363500674742,0.9042017779160711,0.8882169866745967,0.8916326000016492,0.8964281259144333,0.8953616406599572,0.7799362349277971,0.8468052797100468,0.5515737559335657,0.6516529929378443,0.8892962458773709,0.6530406830202112,0.7162920862875812,0.8030610294673258,0.7815384439766362,0.4195298766252408,0.14802526792637452,0.9758078807917975,0.8759788704509706,0.2483491671187355,0.7348265650701782,0.9071234223407596,0.2127788744156486,0.5668952215444546,0.841065375536995,0.7551067133421013,0.8969131690452371,raw,3,0.9,106
0.8280452465079045,0.6233064783238573,0.8415779480160241,0.844824646351148,0.8491413041500604,0.9196135702123458,0.8871745445926492,0.8853907975965185,0.8928585710659546,0.9241518949833415,0.8043810004460697,0.7963733416800758,0.44957382313833116,0.6510808462054463,0.8984668430135458,0.7133091599257337,0.7233254034188404,0.8209757240338829,0.7335226980362293,0.24217008507721918,0.17793104362947385,1.0,0.7647097886731847,0.533665598947012,0.7708905526601634,0.9313614142565468,0.21195399889195493,0.7248603667512519,0.8380652458538429,0.7760742974408631,0.8982756919496896,raw,4,0.9,121
0.7341078868579991,0.5138158784505662,0.5974062806687288,0.765614319029722,0.7681310970236165,0.6355170232955146,0.8672637359905192,0.8223204204400811,0.8555397207971236,0.8424836847636762,0.6794560317121351,0.6593650122513947,0.35443924487482664,0.5376779513732122,0.7797424283665092,0.5149963874867624,0.5829016905582052,0.7678961493902527,0.6186909868075634,0.32433230920203326,-0.004756062004826154,0.7584270903934074,0.7613622444109903,0.47020405614655125,0.5657373399472231,0.833316308591477,0.31881616946422664,0.15724944746947453,0.7348341038008686,0.7083827573121257,0.819454070810806,raw,0,0.8,43
0.7650234925598829,0.5931942422294605,0.6635213940213572,0.7929605339503795,0.8030301714713537,0.7111498628145149,0.8723147858954535,0.8569465736048707,0.8624097779842538,0.8265924517043336,0.6648665397117878,0.7148860360225281,0.5081061574461568,0.5320745884962925,0.7977163867155836,0.593710084419011,0.585585425818153,0.7485521190103701,0.6782799365863748,0.2713190496756612,0.03536094354064398,0.8940894801360747,0.8183776254116161,0.234591290625299,0.7478012994596478,0.8786895774784347,0.3754527916792453,0.48557804985570163,0.8110278215713961,0.7189295025041439,0.7915922115053745,raw,1,0.8,43
0.7601184746375725,0.6013711044656099,0.5241505730263872,0.7806002617529159,0.7976295215998879,0.8311269619754409,0.8866353519244901,0.8560834209786807,0.8138369580562377,0.8567146160710936,0.694790408025048,0.7480937400002992,0.4685638381108979,0.4988681806172921,0.8458657854765409,0.5125182713586091,0.5530590230503296,0.7379996249864775,0.6721491642751866,-0.0007772121232420385,0.08005453076806471,0.846280102914959,0.8029462189492702,0.4802543884673486,0.6084621345428438,0.8536092745133015,0.31881616946422664,0.34322618336684724,0.7581391743040246,0.6780303211830417,0.8211192300728789,raw,2,0.8,45
0.7510988730029216,0.5567370358989296,0.6507447732347691,0.7757075549701183,0.791569882793722,0.7115509073158511,0.8872584674458002,0.8514089718467075,0.8195396908282586,0.7894330702052959,0.6105259294315084,0.7060178663153986,0.33055457685930606,0.5406480271183919,0.8185751214996073,0.44922827621263517,0.5564725204905052,0.7167866045116232,0.6966060713895761,0.21564177857893344,0.10977154700158111,0.90542012630602,0.8041742691843654,0.2483491671187355,0.6214548609081935,0.8630269064540959,0.10509201406438266,0.5193664834228404,0.7690209428098299,0.7115780432269391,0.814935056626636,raw,3,0.8,41
0.7755052017428661,0.5387938424842217,0.6688805634277066,0.8011737482299335,0.8018226240783072,0.8671739977663318,0.8871745445926492,0.8666646080090947,0.7701717845224884,0.8953616406599572,0.6877114717232252,0.7324681193660134,0.36164675881025127,0.47859265641517,0.8300946843830659,0.5396236285507716,0.6431026779660619,0.786420792721651,0.6394069872832512,-0.001099454647943444,0.19787674063927174,0.8956103313866188,0.7449016659379858,0.6277390135963903,0.745411362676269,0.9116112896160762,-0.0008847354445557115,0.4855778449396411,0.8129192432724847,0.7253922964782706,0.8214000425855836,raw,4,0.8,49
0.9869241818862493,0.9925354374926435,0.8984049478520456,0.9964202444176412,0.9968615122938966,1.0,0.9896819743251601,1.0,0.9920622640275581,0.9937887670431241,0.9714805690865385,0.9706656788781209,0.9665663843411885,0.9508499216907443,0.9921806857580544,0.9832827686874102,0.9852519431968979,1.0,0.997105707286598,1.0,0.9839365442107777,0.9216933304691839,0.9370820456299254,1.0,0.9847738840228888,0.9781232350057889,0.768053285695829,0.8361863112786595,0.9841317121821759,0.9836474282620675,0.9918255220679945,sitewise,0,,2850
0.9867136885781889,0.9962205534497393,0.9561377162085445,1.0,0.998428214096199,1.0,0.9931186645584896,0.9956940621157431,0.9591659727805201,0.987540864518957,0.9600737663078531,0.9773813361142318,1.0,0.9892281661177933,0.989562567911127,1.0,0.9666461964546342,0.9925397969544701,0.985688024501222,0.9717335779194137,0.9839365442107777,0.8656167277181798,0.9370820456299254,0.8815842419651918,0.9694300584824405,0.9813247262104061,0.8786340944134376,0.7941946242285245,0.9790521041002739,0.9803099861791962,0.9918255220679945,sitewise,1,,2850
0.9860908384076044,1.0,0.96797015320648,0.9964131599357301,0.9968615122938966,1.0,0.9931186645584896,0.9946065035510587,0.9595554178402862,1.0,0.9716716694918303,0.9753235218248041,0.9668076800843507,0.9730801324343238,0.989562567911127,1.0,0.9666461964546342,0.9974839630499275,1.0,0.9700509383972024,0.9507722898217986,0.8446756397275681,0.9846387076017807,0.8494357003528489,0.9537379899673479,0.9845538088785611,0.7378521356954971,0.9732366296473469,0.9575807877617831,0.9805143531051969,0.9898484225606055,sitewise,2,,2850
0.9846320635122263,0.9887841475177417,0.9351138701651063,0.9976134694933413,0.9968630721737046,1.0,1.0,0.9956719481997125,0.9678771214445958,0.9876137100120762,0.9704836587571506,0.9661884202767401,0.9892105854965475,0.9781701095403145,0.9921152683623587,0.9832827330602697,0.9633451314017594,0.9949858097527092,0.9829857345026112,0.9700509211108006,0.9601842059921202,0.7740119575754129,0.9545925067326166,0.8815841791373801,0.9694299863995963,0.9856360960341675,0.8251771490372951,0.8267018497387494,0.9683931923079498,0.9711626132492232,0.991825444515897,sitewise,3,,2850
0.9835919896074177,0.9886472660662013,0.8864208586252761,0.9988072017574025,0.9927118605878233,0.9714546730344173,0.993183760080671,0.9989151435312703,0.9431006603717375,1.0,0.9600735607636768,0.9576398154183487,0.9791932293432851,0.9726266832906979,0.981713717753202,1.0,0.9628019323671497,0.9949732341036689,1.0,0.9391591196961534,0.9421811300628065,0.9216932811579577,0.9370819784671472,0.8815841791373801,0.9851034598777547,0.9834740391784508,0.8251771490372951,0.945726678564466,0.9788384260637982,0.9871163856038943,0.9878078968772679,sitewise,4,,2850
0.8090536791801237,0.9264962680857406,0.6270725927716343,0.9772400835568456,0.8729929828232033,0.9055618205935544,0.9473735965591936,0.9290932758764958,0.492377293673522,0.8194371315981281,0.6458814169464329,0.6894956271189963,0.5510187384359282,0.3810347224730241,0.7861433323668647,0.931413582458267,0.5047586095247751,0.8910272268707895,0.8403010517262729,0.48447710783706566,0.43036852887110766,0.22320661571614353,0.19981279460114465,0.4707826734185614,0.5040414553954127,0.8161465368868169,0.0,0.446539319058423,0.7085234103072842,0.685360380400487,0.8037693532577223,sitewise,0,0.99,573
0.809538390907165,0.9425469179417193,0.5285274057475208,0.9762723264832841,0.8806741705269262,0.9207050642995764,0.8412047951033691,0.921281215300175,0.37202301354242795,0.8055476578419084,0.6498509676867208,0.7547180243134729,0.641043920141351,0.42634017890444087,0.7964949595622798,0.9325465544241112,0.6024404647210215,0.8827122840231013,0.7876032433831959,0.5766972809288212,0.39099343037698775,0.0,0.2454635881936039,0.407671369514555,0.5197574261298009,0.7972768008398393,0.0,0.3967607096700637,0.6694662113413116,0.7078652542992433,0.8273244460450991,sitewise,1,0.99,581
0.8111898364579266,0.9416721464655152,0.4822931843314531,0.9761565615129355,0.8865536411254611,0.9510796704527024,0.9008516097745117,0.9423726443190202,0.4012398704015413,0.8044081800001258,0.5766753979375225,0.7825757590470452,0.4685638381108979,0.3497339666969496,0.8121586294231095,0.9325465544241112,0.49542990076298926,0.8749557734094816,0.8579780271398812,0.5934726287462375,0.46574479471956254,0.2178067785478856,0.45943660068954045,0.33283094671272995,0.5277944999721267,0.7884208078218535,0.0,0.606290352905619,0.5366972481287519,0.7090165536636535,0.8371268342151709,sitewise,2,0.99,582
0.805881634221611,0.9090394275381659,0.454797172000679,0.9821501034257648,0.8745161180676934,0.8725933230273487,0.912363198990797,0.9322693458223608,0.506993560208363,0.2708252020266859,0.5944209644727747,0.7549081496885458,0.6270721628095699,0.43942809374926434,0.7791652607672878,0.8766090355563758,0.5584782542049757,0.9039212620356426,0.8587696406769622,0.4195298766252408,0.5022637965032851,0.22320654031312392,0.2418038545582226,0.40767126078965016,0.6224877103971491,0.792799818746134,-0.0008847354445557115,0.22902671020775267,0.7029221926346435,0.7158147647928648,0.8252457466630442,sitewise,3,0.99,565
0.776644927027211,0.9050936305213888,0.3592094561039037,0.9645777007820556,0.8092711782340994,0.6383209564778273,0.8667277872443171,0.8853547009838996,0.3192941464879186,0.7332259184475816,0.5145264048716347,0.723465980023728,0.48745721471552983,0.4189422521351555,0.8008822038306201,0.9749551203503017,0.5074166371315229,0.8586060825931259,0.8048013188671069,0.24217008507721918,0.4759613590574616,0.0,0.24546345254153315,0.23532479904204043,0.5930028684538688,0.7838396134130027,0.0,0.3967605967793492,0.7257391997960557,0.7153452041272181,0.8346129841103327,sitewise,4,0.99,601
0.8172507173873993,0.9421004528505008,0.6673388691043759,0.9772400835568456,0.879323776603013,0.8978117718139799,0.9365122943651543,0.9281628837215837,0.5772451203746182,0.8390991090721949,0.612831271139731,0.7003011841763623,0.5310781754622471,0.4428719327352127,0.812951435122924,0.9134971272659594,0.5356597221127316,0.8838901612802815,0.8664260289943561,0.5417128844810399,0.5546064363110588,0.0,0.1219648656352995,0.5264005994418071,0.5329147513764604,0.8206960031922215,0.0,0.446539319058423,0.7650692719153289,0.7271435605166584,0.7966737357692883,sitewise,0,0.95,208
0.8221524333647839,0.9392232565725961,0.4787864467881004,0.9763380364120794,0.8950341863559649,0.9140059958235316,0.8502062943192517,0.9249436991329161,0.46997906914327897,0.8068455866621413,0.6131094359091217,0.770568959710148,0.6921602846283627,0.4950796664856841,0.8131390366752774,0.9325465544241112,0.5635543470635679,0.9004335391402003,0.7935968832016578,0.6229629408063985,0.4593560632785518,0.0,0.1219648656352995,0.234591290625299,0.6110371172125457,0.8229714819332757,0.0,0.3967607096700637,0.7186090504437614,0.7359354271046548,0.8495674909589382,sitewise,1,0.95,212
0.8264352512635725,0.9381057591861625,0.5463395239371635,0.9687784373771522,0.8918848236549919,0.944442266324789,0.9199484772299715,0.9463016925148718,0.5167033340145305,0.8415081928591089,0.6157652027296526,0.7819316385778907,0.5087390858072512,0.4166545270362277,0.8244759055922538,0.9413617849649181,0.5167481231132935,0.8955087666335614,0.8735509392897043,0.7270580484232424,0.5308202217886407,0.0,0.38822165199011494,0.33283094671272995,0.5537653612971233,0.8230548543517009,0.0,0.5123123452450873,0.6286085976793864,0.7331352056286414,0.8581279826706978,sitewise,2,0.95,214
0.8235530279385184,0.9338114030713326,0.5607801882856267,0.9820270311984182,0.8959853979246727,0.9194823358447074,0.9167958847268598,0.9412971216561166,0.6135771720758186,0.3934487070289013,0.6059025359684865,0.7549081496885458,0.6512473271110505,0.3815868618272753,0.7991640290184622,0.8952360058129596,0.597666797463149,0.8976323803170263,0.8721201711103574,0.6410839803600478,0.6235806268443006,0.22320654031312392,0.38243349068168975,0.27131889008927806,0.6565425588025255,0.8235483530709377,-0.0008847354445557115,0.16138031040474363,0.7690209428098299,0.7233835588782263,0.8188966371010992,sitewise,3,0.95,203
0.7925288959292278,0.9375103683194238,0.33424855978166756,0.9654626252550834,0.8250092834179938,0.5799794807716624,0.888409588632045,0.9075802802789408,0.4983292600159934,0.7636713447882886,0.5710251371841388,0.7479638751658941,0.4441935231902759,0.2983180946786772,0.8137210821779537,0.9578189756669531,0.5379371190817952,0.8551267461546751,0.8490903255568485,0.5417127688805765,0.6152470571499428,0.0,0.2598598382293441,0.23532479904204043,0.6090669576324144,0.8015852312056997,0.0,0.2640324107392609,0.7135798086450116,0.7259681700949585,0.8546232912247058,sitewise,4,0.95,224
0.8212532301893776,0.957704637615261,0.6999645688374213,0.9772795327642293,0.893992071608521,0.8978989252127824,0.9195551158218407,0.9320822760172366,0.6258336796101828,0.8415081928591089,0.5566231650364207,0.730245398015876,0.4768648757457132,0.3682632870418357,0.8272146315958038,0.9230844025863343,0.5419238313489354,0.905414342962319,0.870155974333094,0.48447710783706566,0.5446344484152458,0.0,0.30065857202639706,0.5766972809288212,0.44191815453617317,0.8312491426168525,0.0,0.38667798545082743,0.7229200666931626,0.7049489119357374,0.8117331634924873,sitewise,0,0.9,110
0.8210669278973564,0.9418892094490267,0.5386519481504259,0.9704518287631527,0.9020812075765233,0.9064193514392468,0.8627169831703453,0.9350849396659318,0.4402828360483281,0.8231579859843856,0.6078919893266372,0.7690817827982543,0.6666227222419183,0.49655702100781596,0.8193035982967817,0.9239157943384075,0.5358839309146486,0.8959855632325033,0.7714186645680929,0.4707826734185614,0.44981650631841796,0.31569153390345017,0.25986007535068484,0.407671369514555,0.6378113481451412,0.8211183976480039,0.1498460592366057,0.3967607096700637,0.7285664741827528,0.7024693090447833,0.8358349869857818,sitewise,1,0.9,112
0.8221208819101699,0.95747103546876,0.578822329887197,0.9772061340150722,0.9087926267641663,0.9647764671245866,0.9188126587132818,0.9534012403184204,0.4567918279836481,0.7889725841336219,0.5639483380245585,0.7574712316571407,0.5279373802269604,0.4624496402381722,0.8059001949654225,0.9752279947867484,0.4732463954204867,0.8833593277602241,0.8621296180888749,0.6410840944080879,0.5714234128093639,0.32637024910028,0.25986007535068484,0.3526869820219302,0.5178983130731453,0.812314252503869,0.0,0.5123123452450873,0.545187034637218,0.6863349237167725,0.853432838434394,sitewise,2,0.9,113
0.8160655112920151,0.9340698674572242,0.4607214570749958,0.9820270311984182,0.9023290415730016,0.9271679159701328,0.9167958847268598,0.9477945510028123,0.5241991409527915,0.2708252020266859,0.573679496491399,0.7126101368499997,0.5573417268539191,0.41309493162171484,0.8061042912991069,0.904550625103692,0.546499520422264,0.9240166828998512,0.8726140665493701,0.4844769958561615,0.584428037553783,0.0,0.30545417126544355,0.23532479904204043,0.6178956673404131,0.7997561827417677,0.0,0.22902671020775267,0.7774014671515177,0.6843884272274805,0.8338987870506782,sitewise,3,0.9,106
0.7832881545084507,0.8973477788554414,0.43791266466566303,0.9678449535066985,0.8278221062592677,0.5516495528276315,0.8642811943938682,0.9117190668741799,0.37177987975124144,0.7747784469828147,0.5360643484715316,0.7144744509988596,0.37380703998393383,0.39899822375964106,0.7798479284620415,0.9664233569364066,0.505849326534437,0.8688139609549029,0.8423892467614273,0.4195298766252408,0.5110816230484853,0.0,0.24546345254153315,0.332830852047723,0.6303796679516535,0.7786094501969432,0.0,0.3967605967793492,0.7187424349133196,0.7129991066863114,0.8417188957892984,sitewise,4,0.9,121
0.7678393429497965,0.9342983604681206,0.5118550640131513,0.9664275842775888,0.8817932805044354,0.8978117718139799,0.8914692699990556,0.9321781860332202,0.25551665500396087,0.7197749876427807,0.5084792092329781,0.5936353951189668,0.34418289609890934,0.33246406065830897,0.7194392246431515,0.9576846037244015,0.33926973852714454,0.8549081686035963,0.859669142191833,0.2792378459125148,0.37359198019908785,-0.0011926389645011341,0.2319626208463565,0.4707826734185614,0.28668238586672273,0.7826768138884161,-0.0008845685913894489,0.2572983849794953,0.5800441219814185,0.5668196959423157,0.7371493623609827,sitewise,0,0.8,43
0.7809184198079836,0.9392232565725961,0.506616532178905,0.9705366406936501,0.914111708431293,0.8938770470306032,0.8237179932692432,0.9420723197333313,0.29132494458688807,0.6734274678634219,0.5445602656784218,0.6201241137875907,0.4178508760896638,0.2642345398116714,0.7797130357792549,0.8976000621516103,0.39799862108007716,0.8699189633604022,0.6729869718197399,0.407671369514555,0.4118441145241561,0.38667798545082743,0.0,0.31512470930330533,0.510834488104493,0.7817338370651727,0.21277895389240742,0.32392326882103306,0.6856496699027348,0.6151528594436506,0.7629532216968984,sitewise,1,0.8,43
0.7812966034799137,0.9019269617040039,0.38203962442365935,0.9627986279565693,0.9106458065707908,0.9647764671245866,0.921912910536601,0.9534012403184204,0.32277562945286775,0.5712724622858597,0.5261026407695119,0.6349902995121379,0.43689625632546114,0.30020532065899086,0.7058657643221441,0.9669654605104586,0.3786679679259687,0.8578177797297386,0.8546905525270442,0.48447710783706566,0.36758066989379284,0.3773234322657202,0.30585187396301083,0.33283094671272995,0.37072018699025344,0.7819343588137909,0.0,0.4575763777236828,0.46259952817269173,0.5810066431272163,0.8108067395738735,sitewise,2,0.8,45
0.7650792275241507,0.8998536070287795,0.5393004857084088,0.9690852010653497,0.9095001986943669,0.9050866170909437,0.9376512760530011,0.9515862527737412,0.24452098777428746,0.21872333418281006,0.433999289723872,0.5605964067482296,0.4432598648008347,0.3185707222383963,0.7060854325770269,0.9327046046886803,0.37743006365703013,0.8558328692043456,0.8281213678968643,0.3425124597357929,0.40338565504563906,0.22320654031312392,0.2284748518491974,-0.0007999709882448966,0.4810155170480845,0.7276235230988469,0.0,0.32392317091287687,0.6514396937883308,0.5490192294719259,0.7659066040131043,sitewise,3,0.8,41
0.7344480958081822,0.8341154900413476,0.350567158542077,0.9666174548569731,0.7991174113912277,0.26127134776912075,0.8136420019854169,0.9066780591699655,0.2381449791780313,0.5510511607647973,0.4753221279810565,0.5856914730027108,0.42089785571132365,0.3065704339828978,0.7583267676853298,0.9582352381190379,0.39810343004336524,0.7952979522477297,0.8154291291739431,0.0,0.43264761287545583,0.0,0.34720312414776666,0.27131889008927806,0.5825192352716624,0.7304323547093087,0.0,0.34322601415531434,0.5973223788099636,0.6151506398592134,0.7750720650403995,sitewise,4,0.8,49
0.9850511201798016,0.9887282654508588,0.9102355678330036,0.9976106630792141,0.9958198539060864,0.9930323339273074,0.9896819743251601,0.9978409600365039,0.9840635614212041,0.9876137465503095,0.9711594406075189,0.9820114880767233,0.9446385120643278,0.9511367254571186,0.9947677230935669,0.9916750205505933,0.9851208476132877,1.0,0.9970899909007189,0.9700509383972024,0.9601842965533786,0.8056932861720756,0.9206966227073883,0.9426310691327983,0.9694300584824405,0.9791067291115515,0.7971217519793067,0.8656167277181798,0.9841821765355695,0.977285654122254,0.9817346629543733,combat,0,,2850
0.9865033659053277,0.9962205534497393,0.978306384588535,0.9976182150508367,0.9963404028993273,1.0,0.993139684998709,0.9978409600365039,0.9591659727805201,0.9937887670431241,0.9638472685115279,0.9795096576961535,0.9892106033257588,0.9783461245869695,0.9947025703599142,1.0,0.97076013202277,0.9925397969544701,0.9913420540852892,0.9717335779194137,0.9756214168519711,0.9216933304691839,0.9370820456299254,0.8244017096782172,0.9694300584824405,0.9856363720266299,0.8786340944134376,0.6875982177788952,0.9843412749795883,0.9705610895766726,0.9857144931920259,combat,1,,2850
0.9831814783103652,0.9962205534497393,0.9681908780900775,0.9964131599357301,0.9968615122938966,1.0,0.9931186645584896,0.9935364378528266,0.9757463578162915,1.0,0.9745947928722448,0.972855555078168,0.9212172490055147,0.9626937951311474,0.9817677026458461,1.0,0.9444057474626099,0.9949498597288852,1.0,0.9391591531616502,0.9507722898217986,0.8446756397275681,0.9846387076017807,0.7812198409122071,0.9457989802158583,0.9856363720266299,0.7971217519793067,0.9174030847236799,0.9630227766036602,0.9620631874238037,0.9816855160412311,combat,2,,2850
0.9840046959169199,0.9885651188269585,0.9124197797810174,0.9988048421537602,0.9937463303058158,1.0,0.9897484542438728,0.9967602970887574,0.9761232260115419,0.9938626376021836,0.9783187203723996,0.9770971707953581,0.9344379977749127,0.9730800407482069,0.984391720679161,0.9916750025815656,0.9630624066653133,0.9949858097527092,0.9884537876988997,0.8741445794821117,0.9601842059921202,0.8056931856693106,0.969958778431698,0.8815841791373801,0.9693204266661457,0.984493884536876,0.8251771490372951,0.794194525197506,0.9792083276263526,0.9771460194919686,0.989810953139846,combat,3,,2850
0.9810980948897319,0.9886472660662013,0.862249714714435,1.0,0.9916795983198589,0.9715485261257053,0.993183760080671,0.9967442524020842,0.9263532972698099,1.0,0.9464365486283614,0.9581904635929462,0.9451034835552612,0.9727974852641041,0.9869471733135854,1.0,0.94484464410338,0.995008881494633,0.9971056883792632,0.8741445794821117,0.9838115927673693,0.7064397620953657,0.9690398562957763,0.8160343694098321,0.9926325361197791,0.9878106602469486,0.7971216382765673,0.8579899999530691,0.9688649079402939,0.973928351558573,0.9938116767849903,combat,4,,2850
0.7980844756493122,0.9460770184511471,0.5386519481504259,0.9749374376751447,0.8645445282913014,0.8823826689599525,0.9195551158218407,0.9216325519460358,0.4439939946016622,0.8194371315981281,0.6205671216891269,0.7126949392927855,0.39137737489852065,0.3424993629023933,0.7824854998257014,0.9134971272659594,0.45718662643315355,0.8709461110707267,0.8541107561166049,0.24217015393018107,0.38107026269270344,0.0,-0.001084498556370572,0.2713190496756612,0.403707553410783,0.8121877462693681,0.0,0.38667798545082743,0.6921477446544921,0.669409865730065,0.8118050380156309,combat,0,0.99,573
0.8033412470582406,0.930532408558625,0.46565646765254515,0.9798078541828696,0.875815416967704,0.8748716490738933,0.8812591671316615,0.9242592945953647,0.3623867768809351,0.8177755252675772,0.5949729404187042,0.735372045508105,0.6062523590284192,0.40436970392306665,0.7954517506891453,0.9150733082878607,0.49637326495273626,0.8459018276216141,0.7514539477433171,0.4707826734185614,0.511215381745988,0.38667798545082743,0.0,0.2713190496756612,0.5046906446662404,0.8201928746918001,0.0,0.3967607096700637,0.6707198926486955,0.7026486880460278,0.8332669005785046,combat,1,0.99,581
0.8044253412821285,0.9343841517603567,0.5197833979228831,0.9701634806212567,0.8831201681661204,0.9356147329569163,0.9039555899819262,0.9379836770599931,0.4695054641167345,0.7332265160488359,0.6187709521712356,0.7635719304736811,0.49188359126389986,0.34398739248419047,0.7754129389480886,0.9325465544241112,0.5406891181719726,0.845703539875785,0.865318171157609,0.48447710783706566,0.45325559650220587,0.0,0.38822165199011494,0.23532487014387002,0.42720248550604706,0.7811163791700038,0.0,0.45818294237424834,0.5240667498545355,0.6779956051154638,0.8441444753638299,combat,2,0.99,582
0.8012375922696364,0.918090463160696,0.45639579692252785,0.9725555374507346,0.8678614265894176,0.8725933230273487,0.9241328880948795,0.9398741882757169,0.3780080372027444,0.3399173817827991,0.5843854792850347,0.7359440201068758,0.5886435936062963,0.39550245446314086,0.7977169459024287,0.8952360058129596,0.5616504611185115,0.8638865428622787,0.8685756449827324,0.3425124597357929,0.49066125159612856,0.22320654031312392,0.29617591531873194,0.3526868186681008,0.6028403475413093,0.7940830531566453,0.0,0.32392317091287687,0.6807681482709382,0.709882416518434,0.8197667798177262,combat,3,0.99,565
0.7762908700092083,0.9095161565169645,0.32487107348200717,0.9666914147871596,0.8041060972387762,0.5994756664197378,0.8604140361081971,0.8937219923679874,0.25426022659946507,0.7236740486872363,0.6068719035705675,0.7254369654722762,0.41893442521419016,0.3646330678157023,0.7609042076068325,0.983416153721299,0.5142349885174133,0.8343013079939887,0.8470094758945735,0.0,0.4812447814364864,0.0,0.12196465298157429,0.23532479904204043,0.6099573561058748,0.7946363239279086,0.0,0.32392317091287687,0.7275595709169409,0.698148398171949,0.8375616886656994,combat,4,0.99,601
0.8146854823383219,0.9342983604681206,0.7134857393404964,0.9820629395571044,0.8765597972143337,0.9058838631493903,0.9404133369945824,0.9357315732495947,0.5772451203746182,0.8472160791105676,0.5776931218198761,0.7111553726483756,0.5189982262210232,0.3167916987044177,0.7841280791777522,0.9134971272659594,0.5238082921365794,0.9009438995942172,0.8294802103611029,0.48447710783706566,0.46388266044398285,0.0,0.38822165199011494,0.33283094671272995,0.4986044150519759,0.8293526503933485,0.0,0.2572983849794953,0.763254042204916,0.7118605063628484,0.8213256759593508,combat,0,0.95,208
0.8223145185889401,0.9422956310332843,0.5706873641219468,0.978495967712927,0.8852297438437733,0.8832894725977026,0.88414524702015,0.9279375250120236,0.5043557052777156,0.8752616099642199,0.6332661352178348,0.7849619026937626,0.5914090159615657,0.4604825020826721,0.7903039076802753,0.9325465544241112,0.5608972515847263,0.8777201243444027,0.7932801520677718,0.4707826734185614,0.5371450409797062,0.31569153390345017,0.17355263261190879,0.407671369514555,0.6374966281869803,0.8229944119588657,0.0,0.3967607096700637,0.7637007932352893,0.7366595809368437,0.8348998172969402,combat,1,0.95,212
0.818604807904192,0.93784893634031,0.5941041028777605,0.9688798518230881,0.8937244978625094,0.9284957196098899,0.9145280560324912,0.9477295216595572,0.4959903110570265,0.8082875638938951,0.6061864792286282,0.7783633865608439,0.46235915094065205,0.39698226587145313,0.8017309815261155,0.9412311101288412,0.5461799521288422,0.8606411407111497,0.8597530879205701,0.48447710783706566,0.44981650631841796,0.0,0.3100921364182357,0.2713190496756612,0.435145381818501,0.8149419953075836,0.0,0.3967607096700637,0.559454823660057,0.751599394506796,0.8606607957455659,combat,2,0.95,214
0.81158455178037,0.9343838368445745,0.466694065077477,0.9820270311984182,0.8894473886005987,0.9042017779160711,0.9270581628474038,0.951726112902946,0.4299509583188665,0.4715795347807374,0.5170067135313567,0.7298731764004418,0.6270721628095699,0.4021245138185438,0.8014861167293165,0.9044108386117772,0.5221197071319593,0.9072740481612399,0.8490015292514085,0.3425124597357929,0.5344646351531581,0.0,0.38243349068168975,0.40767126078965016,0.6454053604524125,0.8001707084931563,0.0,0.32392317091287687,0.7459627651923914,0.7107058141627177,0.8073876973110812,combat,3,0.95,203
0.7912588810880895,0.9053651480227957,0.41893442521419016,0.967775929382131,0.8221847259243517,0.5294573333529029,0.8667277872443171,0.906320581728609,0.4519959044390454,0.7565361630657882,0.6222559647367545,0.7437056207934022,0.5193682709850366,0.394992124379937,0.7943489560349645,0.9502484611638969,0.5525545213316062,0.8481725925520867,0.8536201364932368,0.4195298766252408,0.5443788941645031,0.22320654031312392,0.2598598382293441,0.23532479904204043,0.56789590833669,0.8095045882299766,0.0,0.3967605967793492,0.7265569029721777,0.7159659223654372,0.8428896241753263,combat,4,0.95,224
0.8088526039744419,0.9308437602030104,0.643427352692202,0.9808853046337129,0.8803768496922248,0.8978117718139799,0.9084038487122342,0.9441267986165794,0.4819755256488822,0.7881011422085309,0.5542685803021575,0.7217708148478961,0.44907209417217764,0.4154582761720562,0.7884858235402173,0.9224971494317797,0.49773078176581725,0.9095189041469083,0.8457488831597662,0.41952998103392014,0.45585380257373653,0.0,0.1219648656352995,0.4707826734185614,0.44191815453617317,0.8189241230302675,-0.0008845685913894489,0.31569153390345017,0.7326772817424178,0.6783964409268708,0.8019961527629003,combat,0,0.9,110
0.8181105902933571,0.9502319347303282,0.5825636532421574,0.9739673440083811,0.8963030507426286,0.8666010817491551,0.8407170435282056,0.9384395899047804,0.4593560632785518,0.7566717636850023,0.616852566791236,0.7604434240097077,0.663047258251007,0.40498347184500644,0.8131390366752774,0.958373845924971,0.5181236618214641,0.9026809227378957,0.775854553780023,0.33283094671272995,0.5110823092352923,0.15724944746947453,0.1219648656352995,0.4707826734185614,0.6411005849466731,0.8194645029085876,0.21277895389240742,0.3967607096700637,0.6937204132449023,0.731255713906452,0.8351362550810792,combat,1,0.9,112
0.8178470991183038,0.9381057591861625,0.5138567179871301,0.9712739298213601,0.8986190088796864,0.944442266324789,0.9277382924208633,0.9534012403184204,0.4159105518245127,0.7644724536310746,0.58964877323593,0.762522894459843,0.5390351557131138,0.4253031197115469,0.7975638802389293,0.9412311101288412,0.5032353809010263,0.8957696561766623,0.8587705697302297,0.36296911505595525,0.5654132805096622,0.0,0.19981279460114465,0.407671369514555,0.5357348812360041,0.7992676915536044,0.0,0.45818294237424834,0.5695777241111921,0.7089239902270456,0.8580482828412355,combat,2,0.9,113
0.8080000629266717,0.9216034639689505,0.5421682887570205,0.97971663467497,0.8982905554652219,0.9198951793760831,0.9200829441303443,0.9521671713969767,0.4752162818034174,0.3295425256814097,0.5162599131394227,0.724227447217169,0.5331081524657151,0.4247687844176611,0.7817423254813393,0.9134969620245141,0.5416939816362206,0.902453214239133,0.8718238450044913,0.3425124597357929,0.525469191045895,0.15724928447244022,0.2418038545582226,0.0,0.5785466553190111,0.7841839727343356,0.0,0.16138031040474363,0.6974271934916749,0.7088637086416841,0.8236477494741336,combat,3,0.9,106
0.7778087291906454,0.8855605189674538,0.4612773579304515,0.9620198103424187,0.8221835891213749,0.4473986459440587,0.8658352433835678,0.9135368267422368,0.3603455078986108,0.7332259184475816,0.5162599131394227,0.7197737451626007,0.33424855978166756,0.31958234078758274,0.805908967803077,0.9664233569364066,0.48594083783255193,0.8618943425940554,0.853147466848431,0.0,0.526040442984252,0.0,0.17355253362515582,0.3526868186681008,0.6116900214337212,0.7710741702281658,0.0,0.32392317091287687,0.7035670935389247,0.7046481002900584,0.8417276635740526,combat,4,0.9,121
0.7686775375044245,0.9190670280051191,0.5386340213236946,0.966485773824816,0.8832272585206933,0.8595702063582522,0.8774263470876631,0.9309369459505743,0.2955166310695532,0.6748360052772777,0.5040324507990384,0.5939938427887813,0.43684134301443944,0.3638087845660915,0.7242273283029634,0.9050203854518535,0.3844677940688196,0.8556063047411313,0.853162615395176,0.34251255104856715,0.3815670855773974,-0.0011926389645011341,0.17355263261190879,0.407671369514555,0.32440865216983167,0.7832261624394026,0.0,-0.000843243731455019,0.549668398811295,0.5755769720944041,0.7539061627081058,combat,0,0.8,43
0.7740266567842691,0.9199663439750266,0.3861596935582277,0.9714519115018339,0.9076589196665513,0.8693557849887086,0.8028998488456331,0.9426966855235364,0.3623867768809351,0.723558464977424,0.5219496712285404,0.6259359267714432,0.36517597965247234,0.29743635330336327,0.7548896346993856,0.8983545725455675,0.37781386791385185,0.8683846355722339,0.6650544063349771,0.3526869820219302,0.3454489475786112,0.446539319058423,-0.001084498556370572,0.407671369514555,0.4851242459047339,0.7664813734631748,0.0,0.22902678349101965,0.7061647318443318,0.5948662204889386,0.7738185743897976,combat,1,0.8,43
0.7767525668525155,0.8977685438458384,0.5079352798617625,0.9571722031161781,0.9025910042534853,0.9575650885623918,0.8977779510245404,0.9433509676395485,0.236708959246974,0.5866366169556594,0.48073271904111525,0.6403855164781982,0.41410902814775485,0.3380970661013449,0.7034038475461379,0.958373845924971,0.39800889916664883,0.8697748977698572,0.8461579645591696,0.24217015393018107,0.3042266994314695,-0.0008641493197630073,0.38822165199011494,0.3526869820219302,0.4430078662023786,0.7772815301546707,0.0,0.4575763777236828,0.3726627928532728,0.6108688070397978,0.819564342131384,combat,2,0.8,45
0.7620638704393307,0.912284087885681,0.3820390495223796,0.9773854013842561,0.8984082498588857,0.8525559954714322,0.9167958847268598,0.9448732132876139,0.2642214897120168,0.19433484817515798,0.40997891964299793,0.5652043784395765,0.4757417304397156,0.29744641444456105,0.7096137957781686,0.9327046046886803,0.3543808405090778,0.8491886290691274,0.8390457322925127,0.3425124597357929,0.40255158984543005,0.22320654031312392,0.19681475865469059,0.16584970786174072,0.5061807573105558,0.7298764745234155,-0.0008847354445557115,0.2640324107392609,0.599677203468733,0.5865204843503893,0.7724893357224024,combat,3,0.8,41
0.7361279990828957,0.8412261946839606,0.37380703998393383,0.967919157124298,0.8018358497486241,0.3116312049966389,0.8324184835843492,0.8975133610257426,0.2389868724267437,0.5816103760057215,0.48468095991785504,0.6242955986391485,0.38723738968849936,0.36749835008762366,0.7364196330413593,0.9327046046886803,0.410408922747749,0.7995696695131925,0.8139929761605199,-0.001099454647943444,0.40255158984543005,0.0,0.17355253362515582,0.0,0.5495938030295936,0.735947646662371,0.0,0.32392317091287687,0.6253780022685959,0.5985927981517434,0.751261682481965,combat,4,0.8,49
0.9848439957127505,0.9887282654508588,0.9334601296418948,0.9928994702707652,0.9968615122938966,1.0,0.9862134886741659,0.9978409600365039,0.9921833695581874,0.9750031347931023,0.9742406092034169,0.9843197781125822,0.9342131326136476,0.9618562701946383,0.984533110013049,0.9748215051171343,0.9704765979125926,1.0,0.9942352878196709,0.907228341180469,0.9678730884215554,0.8361863112786595,0.9690398910355591,0.8494357003528489,0.9770762705027336,0.9812524256194742,0.7063730255440767,0.8656167277181798,0.9894473859015794,0.9902924688890329,0.9858163013866514,neurocombat,0,,2850
0.984635954062391,0.9924539340649353,0.9563722448602331,0.9988072229445852,0.9947804326610643,0.9931255014485316,0.993139684998709,0.9956940621157431,0.9684902725032771,0.987540864518957,0.9745947928722448,0.9909109567954024,0.9675141291920094,0.9783976842870344,0.997361248929244,1.0,0.9740596794519757,0.9875476372757716,0.9942041206054488,0.8494357003528489,0.9610306722608895,0.8656167277181798,0.9040206286969055,0.8160344566113398,0.9377958938136642,0.9823980012515697,0.7063730255440767,0.7941946242285245,0.984291892151029,0.971335439270583,0.991769948336516,neurocombat,1,,2850
0.9838057679414023,0.9962205534497393,0.9462636359505437,0.9905241640154108,0.9947804326610643,0.9930323339273074,0.9965646056478598,0.997834849631244,1.0,1.0,0.9745947928722448,0.9776455269614593,0.9342131326136476,0.9946827241176175,0.9947422578238225,1.0,0.962173429769103,0.9974722292916693,0.997105707286598,0.907228341180469,0.9337686515689151,0.8446756397275681,0.9531918858125361,0.7065067187494237,0.9387424074015436,0.9856363720266299,0.7971217519793067,0.8898961090665836,0.9683933009774115,0.9497599021186858,0.9877666767240652,neurocombat,2,,2850
0.983590910138277,0.9849358582095145,0.9460356212027327,0.9976134694933413,0.9953021930646637,0.9930323158511931,1.0,0.9989170421380935,0.9515491505732071,0.9937887488909511,0.9742204067924282,0.9774112313490745,0.9561376473153174,0.9407586785981782,0.9869471733135854,0.983416153721299,0.956008775542801,0.9924454852760166,0.985511639184516,0.9700509211108006,0.9507721834276978,0.8656166505621669,0.8910746560945064,0.9143784485879426,0.9619574190321808,0.9878106602469486,0.7378520041845996,0.9174030356605183,0.9947895038046641,0.9552098116069151,0.991825444515897,neurocombat,3,,2850
0.9775619712843813,0.9886472660662013,0.8986649925678859,0.9976106206629819,0.9850231018609233,0.9645822591627331,0.99660855091874,0.9978310124799451,0.9178077036773576,1.0,0.9378647606035483,0.961473560219654,0.9570670135998901,0.9566803781599964,0.9793368316653153,1.0,0.9595689990104758,0.992480405630731,0.9970899720010439,0.8741445794821117,0.9421811300628065,0.7740119575754129,0.9040205315438884,0.7812197435358248,0.985422828343061,0.9834101624615947,0.6388178420286316,0.8579899999530691,0.9843412199412761,0.9674051204367665,0.9878078968772679,neurocombat,4,,2850
0.9848439957127505,0.9887282654508588,0.9334601296418948,0.9928994702707652,0.9968615122938966,1.0,0.9862134886741659,0.9978409600365039,0.9921833695581874,0.9750031347931023,0.9742406092034169,0.9843197781125822,0.9342131326136476,0.9618562701946383,0.984533110013049,0.9748215051171343,0.9704765979125926,1.0,0.9942352878196709,0.907228341180469,0.9678730884215554,0.8361863112786595,0.9690398910355591,0.8494357003528489,0.9770762705027336,0.9812524256194742,0.7063730255440767,0.8656167277181798,0.9894473859015794,0.9902924688890329,0.9858163013866514,neurocombat,0,,2850
0.984635954062391,0.9924539340649353,0.9563722448602331,0.9988072229445852,0.9947804326610643,0.9931255014485316,0.993139684998709,0.9956940621157431,0.9684902725032771,0.987540864518957,0.9745947928722448,0.9909109567954024,0.9675141291920094,0.9783976842870344,0.997361248929244,1.0,0.9740596794519757,0.9875476372757716,0.9942041206054488,0.8494357003528489,0.9610306722608895,0.8656167277181798,0.9040206286969055,0.8160344566113398,0.9377958938136642,0.9823980012515697,0.7063730255440767,0.7941946242285245,0.984291892151029,0.971335439270583,0.991769948336516,neurocombat,1,,2850
0.9838057679414023,0.9962205534497393,0.9462636359505437,0.9905241640154108,0.9947804326610643,0.9930323339273074,0.9965646056478598,0.997834849631244,1.0,1.0,0.9745947928722448,0.9776455269614593,0.9342131326136476,0.9946827241176175,0.9947422578238225,1.0,0.962173429769103,0.9974722292916693,0.997105707286598,0.907228341180469,0.9337686515689151,0.8446756397275681,0.9531918858125361,0.7065067187494237,0.9387424074015436,0.9856363720266299,0.7971217519793067,0.8898961090665836,0.9683933009774115,0.9497599021186858,0.9877666767240652,neurocombat,2,,2850
0.983590910138277,0.9849358582095145,0.9460356212027327,0.9976134694933413,0.9953021930646637,0.9930323158511931,1.0,0.9989170421380935,0.9515491505732071,0.9937887488909511,0.9742204067924282,0.9774112313490745,0.9561376473153174,0.9407586785981782,0.9869471733135854,0.983416153721299,0.956008775542801,0.9924454852760166,0.985511639184516,0.9700509211108006,0.9507721834276978,0.8656166505621669,0.8910746560945064,0.9143784485879426,0.9619574190321808,0.9878106602469486,0.7378520041845996,0.9174030356605183,0.9947895038046641,0.9552098116069151,0.991825444515897,neurocombat,3,,2850
0.9775619712843813,0.9886472660662013,0.8986649925678859,0.9976106206629819,0.9850231018609233,0.9645822591627331,0.99660855091874,0.9978310124799451,0.9178077036773576,1.0,0.9378647606035483,0.961473560219654,0.9570670135998901,0.9566803781599964,0.9793368316653153,1.0,0.9595689990104758,0.992480405630731,0.9970899720010439,0.8741445794821117,0.9421811300628065,0.7740119575754129,0.9040205315438884,0.7812197435358248,0.985422828343061,0.9834101624615947,0.6388178420286316,0.8579899999530691,0.9843412199412761,0.9674051204367665,0.9878078968772679,neurocombat,4,,2850
0.7984952070705542,0.9094472087792244,0.5573421871417699,0.9736680078196321,0.8685253291417493,0.8978117718139799,0.9077321930908211,0.9309159564369179,0.4496321898268655,0.7777687103294689,0.5894349232604574,0.69429403650614,0.41779491894631376,0.32759909248599983,0.7841665993828795,0.8861127502980588,0.5030788287568644,0.9067923974720783,0.8403010517262729,0.24217015393018107,0.4475681339190034,0.0,0.1219648656352995,0.4707826734185614,0.450785501912676,0.8148767641272594,0.0,0.22320661571614353,0.6797304218034466,0.6614114711813632,0.7938730235813571,neurocombat,0,0.99,573
0.8118362086924111,0.9471775384545476,0.5886440153612562,0.9785411896838134,0.8836705866247898,0.8901730917895344,0.8451467165484675,0.9283911657236487,0.4012398704015413,0.8068455866621413,0.6382299366580639,0.7536264419070244,0.5189982262210232,0.3497339666969496,0.8020985014056103,0.9066004785479739,0.5690771130168566,0.8727279646657041,0.7215207360501678,0.4707826734185614,0.5056991321473534,0.38667798545082743,0.0,0.33283094671272995,0.6374966281869803,0.8064997281832904,0.0,0.32392326882103306,0.6990428363478883,0.7512780618577953,0.8487783283373446,neurocombat,1,0.99,581
0.8055818259786682,0.922992138071549,0.578822329887197,0.9688798518230881,0.8813647963821039,0.9429854433962482,0.8795598731619657,0.9305078956592325,0.41255062156812167,0.7656292705188356,0.5870554138574796,0.7510944954694463,0.43887706705286667,0.3614161778241317,0.8195810693794352,0.8970023396693518,0.4628318866645807,0.8706033195461245,0.8710185153966581,0.6410840944080879,0.5208421090165578,0.30805429218009517,0.17355263261190879,0.23532487014387002,0.403707553410783,0.793863839533707,0.0,0.5123123452450873,0.610312602288081,0.7295986468010394,0.8235456757445302,neurocombat,2,0.99,582
0.8007968312996273,0.9070223477944519,0.4381685059227011,0.9868777318992054,0.8734868429488323,0.8885766697064982,0.9191779282698086,0.936644823363622,0.4920326477865682,0.4426226637673905,0.5430158829659145,0.7161167756194564,0.5809458379332754,0.3910629656814436,0.7602769286943379,0.8672976242179795,0.5780199759731085,0.8873898870016895,0.8178862814486347,0.3425124597357929,0.554605855770749,0.3866778685305114,0.29617591531873194,0.3526868186681008,0.6028403475413093,0.7953651723184187,0.0,0.22902671020775267,0.6535016336857326,0.7052021158123308,0.817310034759653,neurocombat,3,0.99,565
0.7680771719433502,0.8641344179191508,0.33424855978166756,0.9640280971974763,0.798542416507983,0.6142756305386273,0.8573059756768087,0.875751218548232,0.3795604790062267,0.7636713447882886,0.5791382524223283,0.6993741769763815,0.4612773579304515,0.2581445102614711,0.8018339246590876,0.9502484611638969,0.48632130840931637,0.8650258718866775,0.8301487364553924,0.0,0.4475675312240408,0.0,0.17355253362515582,0.332830852047723,0.5199058497892789,0.7677968836459675,0.0,0.32392317091287687,0.7169815889014193,0.7211503649340512,0.833495512761359,neurocombat,4,0.99,601
0.8107176691971228,0.9158947477264285,0.6270725927716343,0.9784561638161762,0.87555774575442,0.8823826689599525,0.8975404550075271,0.935297492712186,0.5361870094776373,0.8205287913225571,0.6332120062224869,0.7109245887060385,0.3980024823919047,0.40991829957683834,0.811912639566326,0.876609257384135,0.48708514103729356,0.8939585548668206,0.8383238780214866,0.41952998103392014,0.48862584581024043,0.0,0.25986007535068484,0.4707826734185614,0.43676593629838917,0.828611479415018,0.21277895389240742,0.31569153390345017,0.7275603808171383,0.7117477622198196,0.8115395476906591,neurocombat,0,0.95,208
0.8187176191220388,0.9176091186961065,0.5886440153612562,0.9738318628994431,0.8933792759413647,0.8827219780470894,0.8696540149754712,0.929887281129364,0.5155790376146123,0.769969008144879,0.5980794068549775,0.7476353491699154,0.5889243582698688,0.4950796664856841,0.7882697545239488,0.9412311101288412,0.5748044369661125,0.8783236949801261,0.780639579280493,0.4707826734185614,0.4803331241554652,0.31569153390345017,0.0,0.33283094671272995,0.6028410324539081,0.8312491426168525,0.0,0.32392326882103306,0.6865071883842777,0.7577158580395035,0.8525519693546064,neurocombat,1,0.95,212
0.8139992514471608,0.9424352724010305,0.49413357714335837,0.9711444204043128,0.8888141241988945,0.9140059958235316,0.8871751635165324,0.936352455280927,0.5301527842292061,0.7699665666425137,0.6111556746159763,0.7604434240097077,0.4797942939734467,0.41581942933327887,0.8006727074368685,0.9237837062378979,0.5418472427050386,0.8841770054680419,0.8550549927952364,0.6854123042583007,0.5167033340145305,0.0,0.2454635881936039,0.33283094671272995,0.42500179374861635,0.8110452562144228,0.0,0.3967607096700637,0.6034520660275814,0.7181413704800328,0.8328951821934479,neurocombat,2,0.95,214
0.8193415371348403,0.9177669437977019,0.4995238967021509,0.9833653343972475,0.891864049242796,0.911918432396123,0.933782546657408,0.950377994643162,0.5772445413103459,0.44835141742883156,0.5931918501963451,0.7570932139699392,0.6151582862741759,0.4233230560392597,0.8098651318129444,0.8486255427639485,0.5580374509552913,0.8999710326453126,0.8814167563704852,0.5934725126322966,0.5167026235048044,0.31569143285136586,0.3486955641167008,0.27131889008927806,0.6635456629725185,0.8148728844687925,0.0,0.3967605967793492,0.7071829550719095,0.6872777690787242,0.8245090127882481,neurocombat,3,0.95,203
0.7848489248714307,0.9056965596184773,0.44957382313833116,0.9629286550942673,0.8209929119313156,0.4958218682811574,0.8681333049658634,0.907214679432644,0.4439933845158522,0.7320203461753114,0.5817603693928084,0.7170625199701779,0.4716984539623494,0.2465760701702237,0.8207653504681243,0.966832307442598,0.514514598646373,0.8711552879699234,0.8431638636202412,0.4195298766252408,0.36356527631902297,0.22320654031312392,0.3006584112011315,0.332830852047723,0.6323887609017638,0.7944448343739174,0.0,0.3967605967793492,0.6901286610950605,0.7577144476757057,0.8327692955360144,neurocombat,4,0.95,224
0.8060755559869562,0.9348619011531103,0.5982682105820135,0.978495967712927,0.8808238309448753,0.890085996198126,0.8833024145641938,0.9390299231813791,0.5668551116138243,0.7958071756377552,0.5805758011510987,0.7177064613918641,0.4311210395089801,0.36975031112679685,0.7467991796899583,0.9136356665964118,0.5256017536648651,0.8944387215047264,0.841685196748138,0.4330225968415366,0.5022645144594887,0.31569153390345017,0.2454635881936039,0.407671369514555,0.5007161693326359,0.8230623835716728,0.0,0.446539319058423,0.6802042096758673,0.6721103174193064,0.7820657357957255,neurocombat,0,0.9,110
0.818126571142819,0.9396314725194829,0.5825636532421574,0.9702973546068616,0.8990568816586416,0.9064193514392468,0.8443068251916186,0.9325884240288316,0.5371450409797062,0.8205287913225571,0.5953689821129359,0.7636848766804638,0.5873109223430228,0.4409117119529114,0.801716182849223,0.9150733082878607,0.5776348938381519,0.9013185148600841,0.7456722522543072,0.5264005994418071,0.5254698704023648,0.2572983849794953,-0.001084498556370572,0.33283094671272995,0.606854797178468,0.8270188408362839,0.0,0.22902678349101965,0.6792263934609395,0.7184106185783463,0.8356245941967824,neurocombat,1,0.9,112
0.8150905137150511,0.9387817056185263,0.5064037965005198,0.9649927075810845,0.89785132437323,0.9370954492945007,0.8940133866455221,0.9477295216595572,0.40944309068798435,0.8055476578419084,0.5352195295959649,0.748116922290455,0.5361809178028808,0.42951136503695625,0.8069374061361662,0.9412311101288412,0.47908829717750817,0.8614466146831536,0.8686319539314922,0.5934726287462375,0.6164253513540575,0.0,0.42942040268189163,0.33283094671272995,0.5108154069064071,0.8111313493509765,0.0,0.5612629180179552,0.5700791728763778,0.7237750701482891,0.8464738351121731,neurocombat,2,0.9,113
0.807550357765025,0.9070223477944519,0.46080954303643923,0.9773296022668916,0.9089644439815978,0.8816018927121732,0.9131077254132848,0.949245873272512,0.5265720254734586,0.3760642133288017,0.5383574955304681,0.7210007545441106,0.5515737559335657,0.31563768424951577,0.7861417478776657,0.8672976242179795,0.531201570988582,0.894461751843607,0.8595817266343909,0.4844769958561615,0.5443788941645031,0.3866778685305114,0.19681475865469059,0.27131889008927806,0.5713120727991959,0.8006045220583293,0.0,0.22902671020775267,0.6820917426687798,0.7033835752789609,0.8158607102214319,neurocombat,3,0.9,106
0.777973104645207,0.8973477788554414,0.38714502517500926,0.9620198103424187,0.822490900958845,0.4350101834320088,0.879601197485201,0.9107091315384954,0.3518111064321454,0.7402775923223681,0.5137830846584777,0.716564543615945,0.39833065719428395,0.3967837882628028,0.8235580154232429,0.9408164991875374,0.5376517378659822,0.8475850793715142,0.8439373603531416,0.0,0.48528508900755996,0.0,0.0,0.3526868186681008,0.5983043308383502,0.782124022496228,0.0,0.3967605967793492,0.7085225498606016,0.6650367309147945,0.8223085008171527,neurocombat,4,0.9,121
0.7668791075008378,0.8792629450389657,0.4340860926962385,0.9652577797018254,0.8893030308763308,0.8823826689599525,0.8920516040656836,0.9293614446000331,0.23110037522696072,0.6734274678634219,0.5042621061828851,0.5714133557320094,0.3791459621233321,0.3706621818948258,0.7113983174655153,0.886604473802612,0.38773701384247405,0.8810702456671792,0.8431648645211665,0.2792378459125148,0.38107026269270344,0.15724944746947453,0.21132892561650737,0.5264005994418071,0.29640310730950786,0.7751410667799894,-0.0008845685913894489,0.31569153390345017,0.5637316673421569,0.6065914332690544,0.7263606390473257,neurocombat,0,0.8,43
0.7755081259419044,0.9094472087792244,0.4787864467881004,0.9667711014618663,0.9113095157438447,0.8772239699215773,0.8014135969380382,0.936352455280927,0.19202406280479853,0.6869134774664692,0.5171824560939074,0.6725764807984665,0.507609406459528,0.2634881305931286,0.7636873144513804,0.8892851627575402,0.41321325617637933,0.8412929334436315,0.6723341190951905,0.407671369514555,0.3779760014779656,0.38667798545082743,-0.0018787602493601787,0.407671369514555,0.4735910703234741,0.7870260599398666,-0.0008845685913894489,0.16138046896126254,0.6196163516653597,0.599198551774174,0.7690940255360669,neurocombat,1,0.8,43
0.7740937956888676,0.8943806916281055,0.4695308458036706,0.9547922517185689,0.9040807396616616,0.9379391695997655,0.8970952749806351,0.9360348524330966,0.2750840652787449,0.5320306309474526,0.5010115875346473,0.6340790170692432,0.3687738173054689,0.2957683817204287,0.7036852089691386,0.9239157943384075,0.3954718407171817,0.8618152881142868,0.8807535527271348,0.41952998103392014,0.36948336286136385,0.2178067785478856,0.30065857202639706,0.407671369514555,0.44476170916031543,0.7781866900209653,0.0,0.5193666530448214,0.3355090454031788,0.6076218769321652,0.7916022761994969,neurocombat,2,0.8,45
0.7590967792878839,0.8851894961081973,0.4172616616679433,0.9761090037452416,0.9020504270141638,0.8686954470161624,0.9164051411558928,0.9465068218193123,0.2904838932489016,0.2102265165917191,0.4301750632329766,0.5536876844351102,0.31440329785207916,0.2524474784761676,0.6877450079018249,0.8913557091939825,0.3696805257487986,0.8533986220592146,0.819458015873812,0.2792376916737111,0.41834650438425,0.44653919195621583,0.16991191722481766,-0.0011314363242415513,0.5108144787064881,0.7438032133024729,0.0,0.3967605967793492,0.6442362715637879,0.566586257506284,0.7386548992847268,neurocombat,3,0.8,41
0.7303946573936878,0.8260017113604929,0.426446725170566,0.9726096100099287,0.7935803434317367,0.338772202747145,0.8354632106843497,0.8889626828054066,0.24583034834026485,0.5751927288742609,0.4301956604453648,0.6050976405551756,0.4441935231902759,0.36150387428998265,0.7409038814882709,0.9495639808125435,0.3764014037253366,0.8017295136457501,0.8002556887487366,0.0,0.3522563341315556,-0.0008434027595432606,-0.0010847033351572238,0.3526868186681008,0.5142738057564292,0.7422984766628179,0.0,0.3967605967793492,0.5565242002668714,0.5955809464937937,0.7642279746139815,neurocombat,4,0.8,49
0.9565680495152052,0.9694126292796257,0.8986651448754936,0.9869407288648757,0.9714713417062634,0.9206173085815721,0.9827341132162791,0.9924470064344785,0.9431007799938633,0.9750031347931023,0.9516377984539274,0.9302008004598605,0.9319742222467227,0.8757775997069709,0.9682290395031097,0.9490050910039642,0.9047282079455002,0.982555477597073,0.973775946637354,0.839771800783665,0.9423071629142644,0.7064398879124718,0.8527076487892928,0.8494357003528489,0.9051086213446126,0.9452239149651585,0.6734367610727305,0.8940894801360747,0.9517019972662885,0.9152197603319431,0.9655988489838409,covbat,0,,2850
0.9567817856474242,0.969490879093219,0.9104896455466445,0.990491522682708,0.9683698183944702,0.8832894725977026,0.9369878863708974,0.9892211893269938,0.9255735934401015,0.9750031347931023,0.94979362657946,0.9559975584670768,0.9084714174962525,0.9338537073830607,0.986883889551528,0.9752279947867484,0.9369922644652683,0.9823115916317035,0.9504619023739891,0.8494357003528489,0.8988387313217281,0.7409902604587076,0.77754251169965,0.6660381507669083,0.9461527469330061,0.9469563888404787,0.5632783427331091,0.7248604829173443,0.9843412749795883,0.9308765431424627,0.9670543409019157,covbat,1,,2850
0.9547283519251939,0.9730918674140702,0.889165988590865,0.9713279569505694,0.9727583623441353,0.9429854433962482,0.9758061606488253,0.9902488780112718,0.9250277092609699,0.9621681808247173,0.9671081853451257,0.9525513038959491,0.8462554531433975,0.9279079685685144,0.9843163296078301,0.9585035780535046,0.8927024117467487,0.9719207479371631,0.9681207739226987,0.7664587174053454,0.847747351499793,0.7552870891628543,0.9690398910355591,0.7065067187494237,0.8843056997935511,0.9367013240713705,0.6418903371337622,0.8579900764004144,0.9425482865508911,0.937017272913389,0.9691651935489249,covbat,2,,2850
0.9513780640115315,0.9615553657916772,0.9462635475449422,0.9868777318992054,0.9713557142883921,0.911827647772504,0.9830196724580709,0.9902703614779331,0.9267578566683913,0.9101562803877326,0.9569804998849147,0.9351854813884618,0.8986649925678859,0.8744018481770469,0.9525555339474446,0.9576845170247891,0.9016120958758822,0.9799053358011783,0.9735384196513223,0.5934725126322966,0.9507721834276978,0.776232949384201,0.7856699427099699,0.7447935657135588,0.9215906349040613,0.927890954396518,0.4759672656605777,0.5612627881910499,0.9688124914395289,0.929425498137205,0.9693279740617945,covbat,3,,2850
0.9555241988501474,0.9692680856370395,0.8371199282921561,0.9881486463190026,0.9580679800274794,0.911918432396123,0.9653973580726265,0.9892021854415342,0.9178077036773576,0.981327425906989,0.9315506906947288,0.929313922559701,0.9451034835552612,0.9159674736702846,0.9947283926608271,0.9662893450905435,0.9242359429931075,0.9771933479539829,0.9559091399654512,0.6854121944970408,0.9507721834276978,0.8056931856693106,0.8520769726547112,0.6660380322348614,0.9469487273577681,0.9541957990493772,0.6388178420286316,0.8267018497387494,0.9788384260637982,0.9207701672001894,0.981516407264268,covbat,4,,2850
0.8233573097407483,0.9072154937198418,0.655876974961255,0.9736241395566703,0.8991867627115296,0.8666010817491551,0.9009011814697252,0.9152613809046659,0.6218202082941715,0.8055476578419084,0.6736770051339115,0.7580023225007074,0.553961292245446,0.35683483048784775,0.8010952029369627,0.8617300610886766,0.5548478311208198,0.8999405528740138,0.898005302781418,0.5417128844810399,0.5167033340145305,0.0,0.35398668866606536,0.5264005994418071,0.5120641414557975,0.8532446124487726,0.0,0.22320661571614353,0.7245967078408471,0.6671078065960336,0.8206083435292884,covbat,0,0.99,573
0.8408140953545338,0.9581087829924168,0.6347581960649886,0.9832746415544988,0.907247842942294,0.9131633608387928,0.8788148247044714,0.9367377470626923,0.5254698704023648,0.9101565285063229,0.6556503970078023,0.7764594442781272,0.6245841575274543,0.5741378585487689,0.8234277313279784,0.9413617849649181,0.5980482689043608,0.9042035649333644,0.7923267934812428,0.6660381507669083,0.5167033340145305,0.499293152655398,0.09896701717589224,0.33283094671272995,0.5908998030269155,0.8553016776025045,0.0,0.22902678349101965,0.8137698545399201,0.7390935358975106,0.8634979300184601,covbat,1,0.99,581
0.8261633710410499,0.9106693256385542,0.6366080178860144,0.9595521545137874,0.9017605083917882,0.9064193514392468,0.9039555899819262,0.9306352760973683,0.46574479471956254,0.8902515884408142,0.6585024725319683,0.7775887725523271,0.5693312256189762,0.5109317139161651,0.8121586294231095,0.9061480647753528,0.5418472427050386,0.8932990678366599,0.8815092662489986,0.48447710783706566,0.5022645144594887,0.3773234322657202,0.38822165199011494,0.33283094671272995,0.510834488104493,0.8392749280646774,0.0,0.5123123452450873,0.5892180193005431,0.7150737896681572,0.8274332474116886,covbat,2,0.99,582
0.8244149189663571,0.9266422564528544,0.6299830463370558,0.9821036670830485,0.9098684615862328,0.8512853530282234,0.9340333815644634,0.9273756124269678,0.613369771733737,0.4266084156396665,0.6543911663887391,0.7526418235002673,0.6434269316721251,0.45077884457265044,0.7717453301349085,0.7592850589633309,0.5726716719286916,0.8872874466909813,0.8669379737578257,0.5934725126322966,0.6268191767456142,0.22320654031312392,0.4558831766785643,0.23532479904204043,0.6486165669881623,0.8301438481018497,0.0,0.45818282013193823,0.7986227699466768,0.6884273376130956,0.8261614711250781,covbat,3,0.99,565
0.8025095079119172,0.9092466816319207,0.3936910846879262,0.9726096100099287,0.8441916422959821,0.7054259298799508,0.8604140361081971,0.8957810684696662,0.3980267590705066,0.7839622522239841,0.6605790930211222,0.7158925776769752,0.5706869365361742,0.44460300141615433,0.8098651318129444,0.94245488080397,0.5135497188753815,0.8789419997791331,0.8543330677362834,0.0,0.5623630369685542,0.22320654031312392,0.3006584112011315,0.40767126078965016,0.5905862806887069,0.8348685740646428,0.0,0.16138031040474363,0.8091486555457241,0.6863726684766199,0.8482848503961586,covbat,4,0.99,601
0.836783357182671,0.8880955573008987,0.7344814037468054,0.9700023809858208,0.9118848575851916,0.890085996198126,0.9002195577031292,0.9288629490928956,0.5400356776479687,0.800757648790775,0.6944936725816123,0.7635719304736811,0.5189982262210232,0.46742340970598,0.8091648675216284,0.8603019190108464,0.6202829900502078,0.9306939177645002,0.8753689871582208,0.5934726287462375,0.5762836551503533,0.22320661571614353,0.45943660068954045,0.4802543884673486,0.5458124969754816,0.8693805305178781,0.21277895389240742,0.38667798545082743,0.6988817866667003,0.7171493587866753,0.8401850128438562,covbat,0,0.95,208
0.8395474176850685,0.9460770184511471,0.6103183583042714,0.9820629395571044,0.9087941444160077,0.82896732092697,0.9097340776676675,0.9319777473308404,0.6431839350847226,0.8860670306423682,0.672445740096259,0.762522894459843,0.6666227222419183,0.5484804220377983,0.8360871831394382,0.9150733082878607,0.6395824657028536,0.8959855632325033,0.7863458142859904,0.533665760523565,0.5167033340145305,0.5469997637314212,0.38822165199011494,0.33283094671272995,0.510834488104493,0.8597857267583746,0.21277895389240742,0.22902678349101965,0.8236567522899885,0.7030518192860036,0.853607988319336,covbat,1,0.95,212
0.8467530437502285,0.9384175032310293,0.603848005084423,0.9664275842775888,0.9192589540799603,0.9290032773525322,0.9129742589388995,0.9399751326125063,0.48528572251226987,0.8791381724859372,0.6856329168139166,0.7883993863079114,0.6299233654307012,0.4773379507090546,0.8299908836529739,0.9149403141049519,0.6227860368401236,0.9168692380918393,0.9148979783491841,0.6854123042583007,0.6599201547910488,0.2178067785478856,0.49401510093550793,0.4802543884673486,0.4908181593738873,0.8433450570911303,0.0,0.4094822110568949,0.6977304178254555,0.7527516720432276,0.8873670021942672,covbat,2,0.95,214
0.8363635119967202,0.9356343844281714,0.6299381393980549,0.9879836041918691,0.9164673978049549,0.8824007636709125,0.9304029174178167,0.938145950892717,0.5969732300809519,0.477355887384011,0.5870534636870082,0.779413319934394,0.6984341659321142,0.40095552899741976,0.7968737040622017,0.7997553323456633,0.5861619890464037,0.930355071415444,0.8843874643618161,0.6410839803600478,0.6305240412642814,0.3866778685305114,0.3486955641167008,0.4707825562103974,0.6812875846900938,0.8443701146460927,-0.0012513226529758655,0.45818282013193823,0.7795224972185786,0.7326165482312818,0.8563272583892068,covbat,3,0.95,203
0.810674234489691,0.8977431074432406,0.3861591272285927,0.9748044387209459,0.8610209530772054,0.6468658690887199,0.8750851020745771,0.8993951715966232,0.4686370647635517,0.7965629450673066,0.665548856154539,0.764691710988001,0.653084315674711,0.43436755786742137,0.8286480353494192,0.9185252103489707,0.5379371190817952,0.8861314510326028,0.8814167563704852,0.3425124597357929,0.6431834233336964,0.0,0.17355253362515582,0.3151245012827956,0.6405555601389815,0.8342640670204937,-0.0008847354445557115,0.34322601415531434,0.7643964871986408,0.6521463392190474,0.8487768277525529,covbat,4,0.95,224
0.8302972281099287,0.9262385482722304,0.5868901365469825,0.9736680078196321,0.9048387749131593,0.8905063326055366,0.8561480012568217,0.9289443764484907,0.5673192203058102,0.8559256392611541,0.6330790882269254,0.7338199966047959,0.5139418070908207,0.43273305745382645,0.8251240999958764,0.886604473802612,0.6338440852938177,0.9149513476308195,0.8524135119940237,0.5934726287462375,0.5308202217886407,0.22320661571614353,0.45943660068954045,0.5264005994418071,0.5297524154304478,0.8436758387230613,0.1498460592366057,0.446539319058423,0.7664975772785199,0.7475402322931227,0.8347269321473189,covbat,0,0.9,110
0.8277867573686585,0.9240218494832407,0.6367221843035898,0.9798640287039183,0.9073366568598696,0.8269412882291195,0.8607606285164855,0.9267889522352168,0.500632857064638,0.852184092555539,0.628416557776806,0.7604434240097077,0.621895451832939,0.49779879825676915,0.8380339874767181,0.8601896843031968,0.6125051569319527,0.9017539771621977,0.7521084042530056,0.5766972809288212,0.5982384497662898,0.29882138739579955,0.38822165199011494,0.33283094671272995,0.6454059880524781,0.8424107145112746,0.0,-0.001162330898507956,0.7508729372875973,0.7284638238968684,0.8291861656226815,covbat,1,0.9,112
0.8328822649670574,0.9245657719316989,0.6798951246132798,0.964233420658546,0.9093546233155448,0.9156130472712415,0.9088060450810196,0.9129434705659148,0.500632857064638,0.8677149403689567,0.6526993619288104,0.787323367836412,0.5169821574820901,0.47984715150491375,0.8099866226595461,0.8640312724160989,0.5157449407915455,0.8849633174739541,0.882524718902961,0.48447710783706566,0.5478255565685258,0.2178067785478856,0.4387431570587333,0.4707826734185614,0.5950682286278799,0.8524357471606773,0.21277895389240742,0.6875982177788952,0.6614358924570564,0.7482927358282762,0.871486278029677,covbat,2,0.9,113
0.823774699626312,0.9356343844281714,0.6165090626537203,0.980887773911486,0.9160211294335942,0.8419733662559185,0.9270581628474038,0.9143000293251019,0.6218196045314227,0.4716087667843219,0.6534849389989994,0.7438549629477644,0.5694633233952795,0.4585587188787209,0.8130795294026155,0.7059686414993627,0.5703084940512614,0.8942181054957905,0.8590243310817304,0.6410839803600478,0.6016750244925905,0.31569143285136586,0.30545417126544355,0.38381129067889147,0.7154434711187424,0.8260236291832058,0.0,0.45818282013193823,0.6890912496733548,0.725885263801155,0.8260539221277619,covbat,3,0.9,106
0.8097669529396725,0.8977431074432406,0.4929350332881399,0.9667705077927067,0.8662327066742835,0.5889840077204693,0.8254195954533873,0.9038159610526683,0.34022077894472136,0.8205283249258088,0.6231890431656466,0.7350681023952614,0.6231093941213001,0.4497782330121571,0.8290927061579559,0.905784106579591,0.5663126574956133,0.9009017218294155,0.8701419173046537,0.4195298766252408,0.5532922999510558,0.0,0.24546345254153315,0.40767126078965016,0.6732293424835754,0.8394566225847464,0.0,0.3967605967793492,0.7578282284475183,0.7408927648571408,0.8276590932941178,covbat,4,0.9,121
0.7458689681349272,0.8406732518795592,0.5193687430043448,0.939955622040116,0.8472013152193175,0.739418085429143,0.8180486077275991,0.8694573882733366,0.3704824931180551,0.584116990911021,0.5065292474390425,0.5793009384893171,0.5445516565197968,0.35819163437633383,0.6847384192601775,0.8228985946946312,0.4290986900219833,0.8427750065935127,0.7978485779757777,0.24217015393018107,0.418456508492559,0.22242617762694775,0.17251684698803216,0.533665760523565,0.44191815453617317,0.788417776807255,0.21277895389240742,-0.000843243731455019,0.5524291592306443,0.6369604090949144,0.7103330547754436,covbat,0,0.8,43
0.7452987177406732,0.8415326153636425,0.4495742717985252,0.9475410234624007,0.8459197439813434,0.652156872472758,0.7941905499612704,0.8728380175832255,0.32564603278701937,0.6020117885048235,0.5634442886883827,0.5830108650829224,0.4342604460381817,0.3380970661013449,0.7366437767094992,0.8145651772025384,0.41680924393462715,0.8430134120764217,0.6729869718197399,0.23532487014387002,0.40028782309995814,0.5469997637314212,0.17251684698803216,0.33283094671272995,0.4883551843808192,0.7970740168084647,0.0,0.22902678349101965,0.5486150607845602,0.6345707362494989,0.7415252140437171,covbat,1,0.8,43
0.7543689469894506,0.8080996496465833,0.4385265732664626,0.9353993390263174,0.8536963560484694,0.7881287372428448,0.8135840915660744,0.8788087121842421,0.27957968106464937,0.6150311500825167,0.5430831313998428,0.6677762010703945,0.4983324529625939,0.3394953679101186,0.6982790301751738,0.8277070776066083,0.4371059177772057,0.852632733592684,0.8113062182502012,-0.0007772121232420385,0.3991005411956873,0.30805429218009517,0.49120466704133203,0.49896268186701453,0.43076917318207036,0.7823339356609064,-0.0008845685913894489,0.32392326882103306,0.46828222824016985,0.6391643044820302,0.7651147065395594,covbat,2,0.8,45
0.7283321218588535,0.8458645681112439,0.48770688595907086,0.9506774155769748,0.8468717560303706,0.6054724115759658,0.8032282760164752,0.8369566344105481,0.3192941464879186,0.291823876144027,0.45378338086499465,0.6338527729907413,0.48624123789703394,0.371649883412826,0.6957067109573629,0.559052375192057,0.3894170353038869,0.8577936836759292,0.7656065644148417,0.2792376916737111,0.4078837071022239,0.2572982151831591,0.15149553243295125,-0.0007999709882448966,0.5477429728490292,0.7414008110466801,0.0,0.32392317091287687,0.4984710339901386,0.5309501506285669,0.7499785975049518,covbat,3,0.8,41
0.7188809884731717,0.8137729999709863,0.3669023977945507,0.9377530025132707,0.7946449196975027,0.21226283074560526,0.6777594364523643,0.839400205787302,0.17667669410694575,0.5751927288742609,0.5052220920807193,0.6366048753811068,0.5386514817006623,0.36819532959325363,0.6883179885366902,0.8129193156577716,0.393200789079271,0.8557588172780911,0.7917765570127193,0.13894550672218134,0.39099260715307715,-0.0014610915115454805,0.3006584112011315,0.3526868186681008,0.4899472858724779,0.7599300176817295,0.0,0.3967605967793492,0.5777508492704102,0.5851179530908434,0.7334123159568662,covbat,4,0.8,49
