MCC_Overall,Accuracy,Precision (Macro),Precision (Weighted),Recall (Macro),Recall (Weighted),F1-Score (Macro),F1-Score (Weighted),AUC (OvR),AUC (OvO),MCC_TER_L,MCC_MKW,MCC_ARCHDAM,MCC_SZC,MCC_KUD,MCC_TOR,MCC_KATMOJPRZ,MCC_LUMICE,MCC_KAL,MCC_KLU,MCC_LUX_A,MCC_AKS,MCC_ZOZLO,MCC_STG1,MCC_GAK,MCC_OST,MCC_OTW,MCC_PRZ,MCC_CHE,MCC_CMD,MCC_MOR,MCC_PUS,MCC_SL2,MCC_SRK,MCC_B2K,MCC_KIEG,MCC_PIO,MCC_SLU,MCC_WLU,MCC_Z04O,model,method,fold_id,pca_var,n_features
0.85128896105603,0.8652615732028603,0.7881423390067551,0.8656986406734861,0.7710334611554549,0.8652615732028603,0.7781720511298297,0.8651088575025588,0.9850260273990961,0.9809241528337894,0.48491884907835536,0.8443138616201173,0.9419768506625766,0.4019407471853004,0.27814686410437256,0.7112284208697502,0.9307930793821583,0.9074408075845051,0.5435649007077579,0.8278854044815471,0.9296940614872083,0.9450988437035704,0.8392035708264941,0.751954816741025,0.9216933304691839,0.7931724545009284,0.8253998593226336,0.6918393461127998,0.805717305860748,0.9045669525475192,0.3868118496139644,0.9018407996673048,0.7730310627485527,0.8848474102170324,0.8894934205437119,0.626135201588027,0.9208556610981636,0.8293532135530335,0.9319077994816098,0.796359455834451,logreg,raw,0,none,2850
0.8530861530290921,0.8669552126458412,0.7864353375758989,0.866322253394723,0.7574329076635127,0.8669552126458412,0.7666310596681054,0.8658694482174787,0.9882344896529728,0.9844683683611963,0.4043958651567118,0.8600462017346305,0.9446729213270533,0.3838114960058759,0.3566322313185631,0.8079838274543106,0.9143931628658296,0.9267884215592933,0.2727721226221567,0.7873248216399821,0.8786048073427499,0.9196827210538885,0.8763074891946463,0.8028332667621197,0.9230995372153502,0.7804842357395663,0.8312160928238705,0.7349802486385959,0.7708321517198486,0.9550476164806716,0.36318392590035364,0.8530409606765447,0.8125779293190232,0.9046462664784554,0.9001502671787652,0.6029185797506511,0.9134545875417406,0.7611796706103554,0.9341001976557819,0.7550789896159156,logreg,raw,1,none,2850
0.8533685205627184,0.8671433948061724,0.793859702523784,0.8696398882519205,0.7789078920157292,0.8671433948061724,0.7839183182076346,0.8678213427884137,0.9852283235538718,0.981298066036282,0.5118881723832711,0.8485955090303864,0.9422995594496438,0.510662792928033,0.3631349112014548,0.7154840444293314,0.9132962258521667,0.918822258696876,0.2786785820769218,0.8314937403220745,0.9502124237157511,0.9139348222188277,0.8666295202480823,0.7345103093258225,0.9255578401667686,0.8127122723809547,0.7882697545239488,0.6869901207146848,0.8513772142546882,0.9250041475417381,0.6684220138099,0.8544588080631026,0.7767273786172414,0.9386579371071498,0.8925731976535548,0.6079248840079812,0.9162477449845176,0.7714513608584787,0.9200430529572359,0.7756330361484467,logreg,raw,2,none,2850
0.8557089166034143,0.8693769998117824,0.8003496138641972,0.86839261957685,0.7614078335616853,0.8693769998117824,0.7729775649107729,0.8678560833693523,0.9871765877908057,0.9830383025825186,0.4001231174071804,0.845124569774151,0.9326882260856147,0.2792376916737111,0.35332651803678905,0.7926092984018556,0.9241518949833415,0.9301031135131189,0.4634399548944196,0.8389889776893099,0.9058386785183234,0.952553462564298,0.8773060364265217,0.7855169418748748,1.0,0.8164065305579005,0.8199129006507705,0.6296856711638987,0.8101770458423806,0.9089459091642277,0.39049234993664284,0.8559464003721606,0.8153366014017296,0.9367407119299263,0.8915537315809858,0.604330592923819,0.9322943858251562,0.7474883345654597,0.9272530764337178,0.7841723912108707,logreg,raw,3,none,2850
0.8535961965688651,0.8674948240165632,0.8005506871616073,0.8660836254744675,0.7634057574098365,0.8674948240165632,0.7763707970567837,0.8658448293429666,0.9813809384139437,0.9776175170453084,0.456845188037793,0.855430133658279,0.9481974076448025,0.1597532279507209,0.37991255539718277,0.8047966873522128,0.912314230931776,0.9228055210321926,0.45104383677860194,0.8290975652401879,0.9211513464644367,0.9102936616188898,0.8656588794721638,0.8530262429685307,1.0,0.7633487226847301,0.7989293641467554,0.709912732273164,0.7650429339116057,0.774506333496015,0.6920310935948102,0.8517711648405979,0.7567940932992671,0.9336485532255577,0.8916950802292083,0.6906298703373066,0.9061325066962252,0.781268295561058,0.9071453460411669,0.736408737061696,logreg,raw,4,none,2850
0.8550498679849051,0.868648852088822,0.7847592551756679,0.8686916170947432,0.7742344938834212,0.868648852088822,0.7780563044140255,0.8683397585795021,0.9858698403353174,0.9819945147155469,0.5063901671246032,0.8539793381676126,0.9455848066788969,0.21738111109078812,0.31519901812718104,0.7121397208092939,0.9190210483311075,0.9110754678909028,0.5314823674619606,0.8165967198630515,0.9091270069780975,0.9607936856551094,0.8538740619397993,0.7460765594716473,0.9485041490926234,0.7887226045184388,0.827428320458019,0.6918393461127998,0.8151483097029816,0.90613052048669,0.4401951326985419,0.8960906316939272,0.7944430037474702,0.881920215402704,0.890845888273541,0.638174687085451,0.9342384452441022,0.8359165514933015,0.9338458186797797,0.79955820484621,logreg,raw,0,all,2850
0.8529002141958615,0.86676703048551,0.7829575746178552,0.8663525491387564,0.7638031796345033,0.86676703048551,0.770044773374609,0.8659411505907508,0.9892730430083753,0.9857135861453717,0.4359963097413626,0.8536319946559856,0.9381207524709989,0.4154249474170676,0.33385909806537933,0.7912594107210669,0.9102211340546031,0.9252374846789885,0.3596418777808949,0.7740251601002427,0.876743472935747,0.9196827210538885,0.8696900674715256,0.8342041402458485,0.8996222138269739,0.8024814152597483,0.8436440022157065,0.6872293362712892,0.7755178623676195,0.9550476164806716,0.351484271859893,0.8443871675016287,0.801462810520761,0.9080005523379452,0.8985503070077606,0.6148268318359053,0.9145280560324912,0.7661011602318696,0.940161657597859,0.7666009215460888,logreg,raw,1,all,2850
0.8591645648138495,0.872412495295446,0.7989224223688949,0.8737709652265468,0.7802756031694369,0.872412495295446,0.7876796727451095,0.8726251119082927,0.9873753234234105,0.9836171695257245,0.5335846465170205,0.8502276626936316,0.9443923543172466,0.48874391161964165,0.3430735284229059,0.7262670494928264,0.9123144861638288,0.920147373272995,0.26361565752302174,0.8300186423982033,0.935917655716849,0.9453320555802022,0.8666295202480823,0.7477212305355109,0.9510100750134581,0.8288897475528079,0.8024764033739251,0.6835519791494259,0.8381368269903563,0.9250041475417381,0.6527458337623144,0.838065815479148,0.783524824716972,0.9339474460774854,0.9030541962091292,0.638300196584774,0.9305869737066873,0.7927654977604832,0.9222510359439399,0.7899263710555117,logreg,raw,2,all,2850
0.8620045735387616,0.8750235271974403,0.8053711471924478,0.8744091324961457,0.7672167508959638,0.8750235271974403,0.7804370070723906,0.8739260389183873,0.9884613087313788,0.984576084037519,0.42510132073275486,0.8505166023078563,0.9406021348583508,0.3950133321429089,0.3253098687732169,0.7946210110669705,0.9241518949833415,0.9342757926589632,0.4937338534156622,0.8360218545049447,0.9144417648758235,0.9358669766541302,0.8874030728001978,0.7815531792073367,1.0,0.8037902484881381,0.8304266866839372,0.6990604871610279,0.8439172275085058,0.8759788704509706,0.2701620867942277,0.8662397271230513,0.8620727448215304,0.9389592072013552,0.8990314771364057,0.6095739508274144,0.9462480166604563,0.7440446958710007,0.931411154959219,0.8039064662283346,logreg,raw,3,all,2850
0.8603960432503013,0.8737060041407867,0.8086330926459141,0.8713229825597545,0.7677405390220826,0.8737060041407867,0.7821650371060085,0.8714625976755302,0.9825822735438383,0.9789685427213394,0.4713666521662557,0.8662399569953372,0.9537862662310324,0.2556544776632538,0.40321082870342045,0.8019832856891947,0.9373897634377668,0.92725248197987,0.4249931589379669,0.8178613154300571,0.9280075984036902,0.9436120912325919,0.8744591731871925,0.844348954047916,0.9758078807917975,0.7732685502922515,0.8034066318364453,0.709912732273164,0.7821761918391293,0.7883464125783572,0.6527456497992876,0.8604594221254505,0.7600064700857627,0.9417411262188327,0.8983728902490308,0.6965408839938568,0.9034158469493553,0.7863966735188935,0.9052644236247198,0.7294933676500985,logreg,raw,4,all,2850
0.015250806174069336,0.22770041400075272,0.02653739727422113,0.0657891992476611,0.05039192314745194,0.22770041400075272,0.024207667455936745,0.09179099045088311,0.5900577832467332,0.6021668529986216,0.0,-0.014190815214370274,-0.004367529657965327,0.14773806886729351,0.0,0.06618432867910494,-0.002975401209284913,-0.004474909419306065,0.0,0.0,-0.005375141224455526,-0.0021423789866216116,0.0,-0.002245120970648228,0.04860495298127574,0.0,0.0,0.07466161498019507,0.0,-0.0024259258692811573,-0.002887054872800468,-0.004184601325366945,0.0,0.0,0.027473554783737402,0.05876032885217911,-0.004677731047651276,0.0,0.0,0.0,logreg,combat,0,none,2850
0.008581264332677774,0.22544222807677833,0.025336938226598875,0.06405515494754022,0.05036096172330178,0.22544222807677833,0.023699341350085935,0.09097103896837916,0.5934027031144382,0.6058720134566943,0.0,-0.014190815214370274,0.0,0.1408408090395974,-0.0015027244672867531,0.04374971085694057,-0.002975401209284913,-0.006329073240625976,-0.0015324061959997263,0.0,0.08513881659878025,0.0,0.0,-0.001295977202186652,0.09541687604636352,0.0,0.0,-0.003291909085882893,-0.0025466070812201333,-0.0018787602493601787,-0.0025313984313166124,-0.0018805043333548245,0.0,-0.0037972033867768196,0.004768987631900966,0.017394935479090146,-0.004050652519918257,-0.0023937641170829623,-0.003073772295762898,-0.0032065693043622323,logreg,combat,1,none,2850
0.009252606727557197,0.2267595031990967,0.02399699584723052,0.07688761328654603,0.046945069359562754,0.2267595031990967,0.02205801794790904,0.09125591656589666,0.5902420523637536,0.6025748796838315,-0.001281994390071487,0.028259321856752524,-0.006177201032631237,0.0702097006603222,0.0,0.030475772260432393,-0.002429176232110022,-0.004474909419306065,-0.0012510866425826663,0.0,-0.006685960776115625,-0.0015027244672867531,0.0,0.0,0.16359900663063354,0.0,0.0,-0.0035882908404154864,-0.00255403935899473,-0.0026577189578295517,-0.0022637248326669844,0.0,0.0,0.0,0.005652856154152667,0.013951838628974915,-0.005230354825148714,0.0,-0.003080121459744455,0.0,logreg,combat,2,none,2850
0.023236609442255595,0.2324487107095803,0.03512841968501946,0.081482399650303,0.04327254810444229,0.2324487107095803,0.021072512966365142,0.09324074936219215,0.5764987949418392,0.5894399481885109,-0.0012962222393786019,0.02203245049195523,0.0,0.038663022360167665,-0.0015030090301053794,-0.006105947013976627,0.0,-0.004470949469843548,-0.0012513226529758655,0.0,0.11393038050065364,0.0,0.0,-0.0018528842002307991,0.11185537746131637,0.0,0.0,-0.002326414689239912,0.0,-0.0034850002529914245,-0.002117720630742111,0.0,-0.0015505801680820734,0.0,0.051071078984947435,0.03405119656812557,-0.006212192010561836,0.0,-0.0030743654116536954,-0.004118981329984838,logreg,combat,3,none,2850
0.010350628674223938,0.22755505364201017,0.028891893245205545,0.06448340070516138,0.047362869522809305,0.22755505364201017,0.022527334500421627,0.09111584304239724,0.5826544365575804,0.5968187835133122,-0.0012962222393786019,-0.017193938864451037,0.0,-0.004269438818867204,0.0,0.021368482530114318,-0.0024296371154564323,0.0,-0.001979073869690552,0.0,0.13037690372511887,-0.002624611741887827,0.0,-0.0022455455470150204,0.22041690855667406,0.0,-0.0039072537315924276,-0.004663390003478739,0.0,-0.0021700195259235417,-0.0013858513114662328,-0.001871061413889595,-0.0015622577108941587,-0.0038079802941895103,0.015958964977010905,-0.008591628970346144,-0.005750830334883484,0.0,-0.004348218562736123,-0.002604336666928251,logreg,combat,4,none,2850
0.020762280426477254,0.2205494919081671,0.09246557308479439,0.1149463190550871,0.05205992055426778,0.2205494919081671,0.03505312708905745,0.09644672547269446,0.46607919179835977,0.4766065899016549,-0.004255901438932878,-0.004213310755798393,0.0,0.028221960870070187,-0.0021253733478729013,0.12189538061433888,0.04697963401864178,0.0,-0.0059585910541767595,0.0,0.06152293399020382,0.10884316812378175,0.0,0.0343542467658097,0.07338140273264639,0.0,0.0,-0.005616219330611904,0.07369407948200525,0.046813575820350055,0.028261309628615932,0.0624859306301451,0.023465191303451254,0.0,0.025026062727789518,0.03900233835539228,0.06056064219952936,0.0,-0.004347379614201717,-0.005557080842751454,logreg,combat,0,all,2850
0.030104528014296576,0.22525404591644713,0.18088976722535025,0.27684204986307454,0.06369254146298532,0.22525404591644713,0.041946374995304396,0.099269465507864,0.4829986145821909,0.49732600473298066,-0.0033937551727872156,0.0,0.043094745602623115,-0.005795468027854725,-0.003361459670165774,0.1087608292236005,0.08264430782400184,0.0,-0.0061557590742219075,0.0,0.06276493984942932,0.03777147972925188,0.0,-0.00467799812959727,0.2567812828145262,0.0,0.0,0.054395017325544054,0.050465691608974385,0.07557201123812025,0.03187534991576667,0.037258906701668974,0.08935685156266547,0.07010551711939421,0.039813027308635764,0.0598235000835462,0.05199387804869842,-0.003385612310371599,0.08660527892858537,-0.004140442842424609,logreg,combat,1,all,2850
0.030950668112879578,0.22563041023710953,0.09288153651872838,0.1279017215716273,0.06865523451574154,0.22563041023710953,0.04433052827955627,0.09799853218355419,0.46935543738289864,0.48664161963127317,-0.005135231740684822,0.0,-0.004367529657965327,-0.0051764318994770965,-0.0015027244672867531,0.06460377523623644,0.014336782143255402,0.0,-0.00561514991381941,0.0,0.08455855706950242,-0.004756062004826154,0.0,-0.003467405769592014,0.3440200520292498,-0.0022401262821661163,0.0,0.056801808972311095,0.02207419484866169,0.14267018960569275,0.06615712647686708,0.15088606170484792,0.031961770065121096,0.0,0.0425620584212393,0.034052042591315584,0.0,-0.0023858971715452052,0.08642675638498683,-0.0037029759323229873,logreg,combat,2,all,2850
0.039507489147519594,0.22943722943722944,0.19192074495472752,0.21646694366236052,0.08240606715453325,0.22943722943722944,0.06018467646907806,0.10452255693126075,0.48415820954698224,0.5078986094246113,0.042273119677380434,-0.004209104690466815,0.0,-0.005409684078821763,-0.002125775856016036,0.13856275907345045,0.12525905203982296,0.0,-0.005019487361447889,0.0,0.12644616442326925,0.074817376389259,-0.002911963567299044,-0.004542899736073687,0.4109831397165819,-0.003180687741253229,0.0773077208285605,0.07192174110112398,0.14742931775802012,0.1539142962068997,0.0661561969816929,0.05859306948957439,0.10625599279564073,0.07919743350395043,0.034062365130237394,0.07158531474663256,-0.007045291560786155,-0.0033751305857505094,0.06123312841557498,0.023690180077623156,logreg,combat,3,all,2850
0.03319936569668271,0.22473178994918125,0.08400814308170174,0.09866315069318106,0.07600141636318472,0.22473178994918125,0.050559393786995116,0.10085017175878191,0.4898184502032716,0.5081866302610963,-0.004102491482215321,0.0,-0.004368393445642229,-0.00505741520088085,-0.0030068672578528826,0.12999333948258687,0.10305042457166931,0.0,-0.005250997226247039,0.0,0.057627431419701385,0.03109110010271154,0.0,-0.004855965132166348,0.3335261669975324,-0.004482373058584955,0.0,0.08391696750642777,0.04320120385136984,0.14969928795863038,0.02995736232842599,0.09513418234375755,0.05099455537116073,-0.0026923952271038485,0.035055474308826294,0.08060368350356703,0.08099292214158182,-0.0033862593639367848,-0.004348218562736123,0.02711197082934761,logreg,combat,4,all,2850
0.8288288649266207,0.8447497177267596,0.7563708806580248,0.8474142214008168,0.7472493125443087,0.8447497177267596,0.7502676138206754,0.8456816505065571,0.983905713604249,0.9797261232487937,0.3956298636796532,0.8368530976888574,0.924721580648365,0.2834726618366301,0.35343393572051823,0.6897530448011234,0.9181774515795179,0.8975552327816857,0.38103307708353945,0.7904142524617822,0.9091270069780975,0.9137091598004924,0.8061008514496749,0.7460765594716473,0.9485041490926234,0.7782352602854754,0.8096108162650097,0.5568511064784654,0.7874063110216634,0.9045669525475192,0.331067472306143,0.8997461869471385,0.8201495856941815,0.8610134195242246,0.85939385329911,0.5941457980949366,0.9145280560324912,0.7721262750239603,0.9049033643521832,0.7749236090801828,logreg,raw,0,0.99,573
0.8312244062525556,0.8470079036507339,0.7626434058777056,0.8488068959592656,0.7478868208144802,0.8470079036507339,0.7524765990663957,0.8474319787531899,0.9851295079250799,0.9814012890838905,0.41660945371527563,0.8426173839437727,0.9264790551566313,0.3318872129671207,0.3631349112014548,0.7779440884485227,0.8929732230056127,0.9164273358499502,0.33984484296839446,0.7296343321392446,0.8611056658119726,0.928306329079199,0.8508102714449498,0.8028332667621197,0.8956104009471526,0.7385967551677106,0.7974273913514116,0.7099129032889258,0.7630173387213368,0.9550476164806716,0.34082773817686207,0.8563579086685106,0.756166144953912,0.8916715775096462,0.8671938720484488,0.5421150382075016,0.9269226955210434,0.7434523621406914,0.9305609543039,0.7547930373339264,logreg,raw,1,0.99,581
0.8341794372960746,0.8496424538953707,0.7747825640612853,0.8533423111249439,0.7615191056452986,0.8496424538953707,0.765910430423384,0.8508117746613914,0.9848228406988563,0.9812217073946125,0.44791136337520965,0.8353646429526462,0.928092795837897,0.517168355336756,0.34114699434799206,0.6973322149053294,0.9199871273314465,0.9028769904424846,0.29537397852943464,0.7924417674984042,0.9004414661426726,0.9156681119779831,0.8416253092670316,0.7179302489976677,0.9510100750134581,0.7721888431935018,0.7821750442781183,0.6476603344036578,0.7989206146621171,0.9279525892948997,0.6113324597064748,0.8470686670671224,0.7794670651853172,0.915241125758627,0.8795327767916338,0.6028420634602799,0.9039555899819262,0.7060913859929271,0.9046628247347084,0.7659843292119973,logreg,raw,2,0.99,582
0.8339449674533135,0.8494259363824581,0.7720332694962118,0.8521226833267405,0.7383881710122129,0.8494259363824581,0.7472677459609572,0.8497127064944305,0.9843095806576401,0.9802584786274122,0.31107003129715116,0.8338396120009891,0.9279268280275514,0.4330224387800289,0.3291292822949344,0.7817204669711462,0.886066703797613,0.9157135104425193,0.339729596354878,0.7715661711176162,0.8858883842508827,0.9442451859726985,0.8458731694398248,0.7454509104704692,1.0,0.7711697025310268,0.7789903508355853,0.6215770400448128,0.7977918755168403,0.8616176033429768,0.2410882482655692,0.8413480377689971,0.8005438376099834,0.9184921757539187,0.876374155220217,0.5866059887206825,0.9382789871397009,0.7125548692717809,0.9184033648981142,0.7525504691785945,logreg,raw,3,0.99,565
0.8397474376403141,0.854884246188594,0.7905315779700881,0.8550916852182407,0.7542194746189532,0.854884246188594,0.7654558473919137,0.853808704729648,0.9797000817317026,0.9760166200011668,0.40188285760117587,0.8424348068059411,0.9346836878999685,0.3654517629733732,0.4112554195729768,0.7743165335751357,0.912314230931776,0.9097546019925369,0.4029419093531392,0.8049632724859701,0.9078736760355594,0.9358669766541302,0.8468352655731801,0.8045594363471289,0.9758078807917975,0.7497588725463873,0.7920149491922396,0.6119702001931978,0.7457692190055001,0.7692545078600309,0.7183089747649489,0.8319840617291759,0.7746117956811477,0.9283378992497602,0.8832822875893394,0.6329590677175951,0.9061325066962252,0.7497340072449201,0.9030183779105088,0.6811632453249152,logreg,raw,4,0.99,601
0.8132747708560675,0.8308242378622507,0.7254650986731866,0.8310637058022312,0.724666501983407,0.8308242378622507,0.7222938489152685,0.8299317986216248,0.9780179736356478,0.9749381242606626,0.39970219264526713,0.842298398183122,0.9139613706773407,0.331590076837941,0.22082853167739724,0.6161018817154957,0.8910122855873673,0.8929192079703943,0.36637728526926777,0.7513278078691307,0.9178602877548792,0.8980143178489534,0.7953998057271314,0.6397832717166807,0.9216933304691839,0.7163287205372598,0.7637182961789497,0.5000262946664388,0.7625946472931334,0.9045669525475192,0.353654484448925,0.8331715710976524,0.7478012994596478,0.8551920747813107,0.8601628763676606,0.5603848764051962,0.9342384452441022,0.7218031247780579,0.9004040261070805,0.7160156056995901,logreg,raw,0,0.95,208
0.8077807714351446,0.8257433195333083,0.7171279236380262,0.8262922283245996,0.7144215274360903,0.8257433195333083,0.7143145298925238,0.8253965301406043,0.9782334851703431,0.9751149057638725,0.39040068921546944,0.8496143176549498,0.9041921835268018,0.2608854232015034,0.29612872326489975,0.6572918458098912,0.8495471544947543,0.8958928291122604,0.2525444292523823,0.7239807207710829,0.9103460036753825,0.9009940936466919,0.8155661805085344,0.7194386301340623,0.9485041490926234,0.6794347945118165,0.7722294541366971,0.45970884040137194,0.6970881722284878,0.9375852057611245,0.21355860741207233,0.8551681666513292,0.8124552735888163,0.8466036179067478,0.8517682329237936,0.5579627884727288,0.9002077671300647,0.7192811329944425,0.8978483494603785,0.6876452860655011,logreg,raw,1,0.95,212
0.8131580016792743,0.8308242378622507,0.7372771445272205,0.8281396681997695,0.7273037363634178,0.8308242378622507,0.7294248754492916,0.8285895075039167,0.9807234508350249,0.9782684906708036,0.5123421538342264,0.8504011528166503,0.8919262917101423,0.3709120978652646,0.18171359607431606,0.646374977863588,0.863751212053405,0.9071517811770844,0.35290456083600136,0.7960110140715624,0.9231112281362991,0.8894032353477292,0.801147309701222,0.6584364307686077,0.9255578401667686,0.7661130471106318,0.7191194916174738,0.554912489729398,0.7514154598629593,0.8461627174352263,0.45605596717177993,0.8007305488435071,0.7481082047400415,0.8988652785557362,0.8499524017505387,0.5735958971219706,0.9108159049832172,0.7118285456273792,0.865874246060531,0.7187392994545816,logreg,raw,2,0.95,214
0.8171676379296344,0.8343685300207039,0.7272718163132247,0.8313200939449086,0.7223142809778141,0.8343685300207039,0.7233534496803907,0.8322018318289367,0.9812316615713209,0.9780994733522113,0.43359151411515656,0.8447399341936249,0.9159398968706772,0.20792120010168866,0.25551262390700574,0.7450413428289332,0.8953616406599572,0.8920021929932896,0.2762174438663791,0.7342972255133822,0.8912500339527257,0.9267578566683913,0.8392788955264423,0.6423718010314288,0.9758078807917975,0.7106601937109849,0.7520111545987468,0.47631296420055425,0.7420639323438465,0.8853232822952952,0.3493327890839167,0.8250664201194884,0.8005438376099834,0.8472389053970604,0.8613748869842492,0.6114804632812387,0.8984301109781346,0.7098890605459629,0.905638897851277,0.6926087059789103,logreg,raw,3,0.95,203
0.8123534562934487,0.8298513081121777,0.7153977398050269,0.8301000229815935,0.7285039412229108,0.8298513081121777,0.7196162832439673,0.829464351769864,0.9726493767305778,0.9697982692441274,0.2904761301371202,0.833774381680093,0.9234222547792734,0.12710789146185375,0.4089276157998757,0.6528032082152181,0.8940981650192533,0.90556682497627,0.37893472288434066,0.7784606459763842,0.9231110280262701,0.9283061659532768,0.8163457333526147,0.6456869066023769,0.9758078807917975,0.7098550724637681,0.7573481577300027,0.4834920061760948,0.7143552680939642,0.8070214624902415,0.48786565885240735,0.7983878785617543,0.7464229187912422,0.884024638538198,0.8585597623866862,0.6221956925957396,0.8909401612907364,0.7074864261024442,0.8674475173141789,0.6222797161327928,logreg,raw,4,0.95,224
0.7785128563331639,0.7999623635679337,0.6980209660321895,0.7927768626065514,0.6680294924472778,0.7999623635679337,0.677643518505937,0.7941414411782253,0.974633087110929,0.9706484001369722,0.37702762497743025,0.8409486603091281,0.8890377655572145,0.1697032729912708,0.27720541984286684,0.5424821900675956,0.8442533296190908,0.8677393815465032,0.4666921756376442,0.7201563591131541,0.8708524052900949,0.9037152629809716,0.7458641181532648,0.6360196749925157,0.9216933304691839,0.649296028357873,0.7020509597321891,0.2209890602111926,0.6693816629503392,0.8403449843053267,0.2497409826585683,0.8485140625863223,0.687250553829667,0.8188946199333007,0.8062309193589114,0.5308614923926593,0.8925077972923156,0.6371613241695813,0.8667247615008521,0.6977039061011848,logreg,raw,0,0.9,110
0.7857634349388671,0.8063605570191946,0.6985861096603888,0.7990211384884124,0.6857972805328469,0.8063605570191946,0.6890268804133417,0.8011805623743455,0.9771946101264465,0.9732044827792713,0.36909603660381834,0.824313648713343,0.9095782366919396,0.2834726618366301,0.18780165508326863,0.6247248968093212,0.8550999791996995,0.8832880461716898,0.37893518581766644,0.7007890873888757,0.8771352611119507,0.8875558094754439,0.7699818798270722,0.7150967078489122,0.9532824697409634,0.6098524280007706,0.721451323657783,0.3799574230565566,0.6415964487410976,0.8177336702288053,0.2608854232015034,0.820862229826594,0.7691087579599482,0.8192574081755866,0.825486651583471,0.5466397167054563,0.9039555899819262,0.6621447002755275,0.8710109053067557,0.6393597647573258,logreg,raw,1,0.9,112
0.7912421451690186,0.8112532931878058,0.7099318539785411,0.8056504665480205,0.6874031442450713,0.8112532931878058,0.6950272967176135,0.8067571513625836,0.9786847599539005,0.9749344797725529,0.3929615489678333,0.8373348831138598,0.8864438703246178,0.20889375873504115,0.236708959246974,0.5481351394266005,0.8654321650476339,0.887915222871385,0.3696444139996538,0.7620444896486984,0.9091270069780975,0.8825375888574533,0.7691954084552944,0.6796192704592453,0.9510100750134581,0.6550188620927868,0.7179337903148608,0.31208379346011367,0.7553746964072328,0.7931406022275557,0.39049267830826845,0.8336672092149743,0.7296880819449135,0.8673403236555887,0.8223395798037096,0.5116269604993481,0.8920516040656836,0.6683912041733057,0.8381731944394591,0.7271375921407047,logreg,raw,2,0.9,113
0.7932568747146473,0.8130999435347261,0.718163634691165,0.8059987290358387,0.6903400902554723,0.8130999435347261,0.6981335167049584,0.8074435024070657,0.9794515571531327,0.9753874521013949,0.3823264446206066,0.8297743304042642,0.8935974899469907,0.42755756439676856,0.2165724793777372,0.6598205622615577,0.9088973252839092,0.8939312739686659,0.3077421819655965,0.7318424250591682,0.8845605237729631,0.8862372670876526,0.7919801293947604,0.637105031880241,0.9758078807917975,0.6513941440098847,0.6983399431795672,0.3533625269919502,0.7289767191202259,0.8000793377575591,0.37634634519491356,0.7986227699466768,0.7349994320050525,0.8274354737096077,0.8333681637182644,0.555648811124739,0.9095642241362129,0.6654533468018661,0.8547505576618586,0.617548358242066,logreg,raw,3,0.9,106
0.7952568870706206,0.8147939017504235,0.707628153299702,0.8078623018425278,0.6922862551478548,0.8147939017504235,0.6933438507364416,0.8094422305334852,0.9731671890766049,0.9692605982601917,0.23870440774803936,0.8221060915616466,0.9175824904069861,0.13771558611120427,0.24865697710594992,0.6619047282236388,0.8654317633906442,0.8984220575015747,0.32086948998978715,0.7725563816164901,0.8907006355342484,0.850929447323582,0.7653360993807795,0.744497505675575,0.9322405052991345,0.6879984512851842,0.7149926621501191,0.4380464742268384,0.6755282754686981,0.72939033507426,0.498300283286119,0.8577178727152545,0.7427831481858651,0.8679745906078354,0.8280888788717814,0.5166268321586835,0.8946919624637214,0.706743007282855,0.8761259859196956,0.5938676491283088,logreg,raw,4,0.9,121
0.6834250275996693,0.7154685735792247,0.6374940737193318,0.699896705831178,0.5523703522740047,0.7154685735792247,0.5744781183079305,0.7008759411069715,0.9597163665371633,0.9531003993050067,0.12394423637710641,0.746695030724962,0.8086654944512685,0.3416062834136141,0.12233758180687752,0.36942968397539805,0.8480516064119554,0.8168558922675381,0.33531856867472504,0.578943779251521,0.6199117487359391,0.8761114727940319,0.6124140700130147,0.514103833691814,0.7584270903934074,0.45381967451055555,0.6217230313514038,0.2572983849794953,0.5113451347791603,0.8288108251389337,0.22166612263562468,0.7556031996321806,0.6104718974489608,0.7273736524493339,0.70075926856732,0.36642529470418167,0.8538181923915947,0.5564441179655065,0.7883488669708935,0.4746798540916771,logreg,raw,0,0.8,43
0.6923874410518053,0.7229958599924727,0.6217813448425976,0.7071511741797797,0.5572414583898077,0.7229958599924727,0.5711971459715061,0.7077998324870742,0.9652130332437718,0.9591186126809611,0.20433063200121823,0.7952170653959381,0.8091028143755316,0.16481174406722685,0.08751140419654453,0.42568748182738875,0.8265924517043336,0.820548103716455,0.17236992060002718,0.5521682834610419,0.6528190187110596,0.8326724266566603,0.627501184069215,0.4862419362316893,0.8427166528016818,0.4354886082002966,0.5930125060105982,0.25859555346242896,0.5382444281568374,0.8523685437442077,0.1398675319403035,0.7207026734146113,0.701598397247238,0.7031649548303486,0.7260898351958885,0.4380481858797052,0.8328881434503128,0.5439247027902486,0.7644944916509461,0.5066628867909542,logreg,raw,1,0.8,43
0.7027833268105118,0.732593150169364,0.6257191359465892,0.7147000701936201,0.569192803203788,0.732593150169364,0.5848630278716633,0.7172349642381017,0.9659171496637775,0.9601020596510679,0.0404394745422713,0.778047056257783,0.8065108263885957,0.22821572382324162,0.2057450975880123,0.3426560321755281,0.8513649586037145,0.8269630441766848,0.25499420667187567,0.623765520005263,0.7861767570156589,0.8914079616665613,0.6351902911506633,0.4912623334903016,0.90966180483094,0.43337709074589953,0.6027814134068984,-0.001644093655356132,0.5810066431272163,0.7931406022275557,0.29639862965793845,0.7646053029944352,0.6877752818793382,0.7465303042579852,0.7298876008009285,0.4433006340310919,0.8649589195695637,0.5344511918238233,0.7826514077513878,0.5076356685811839,logreg,raw,2,0.8,45
0.6887700017539229,0.7197440240918502,0.6024286491566252,0.6976454916849053,0.5460074206506182,0.7197440240918502,0.5545737239202602,0.7023040242460521,0.9629188648986589,0.9568837112123842,0.08019096348409964,0.7651424150068699,0.811719925090378,0.17070650254392475,0.06496458042816894,0.2630809052290812,0.8681540658601922,0.8204049803100295,0.12184927658044756,0.5174761730615083,0.6187949628139706,0.8302462261743281,0.6098296890280329,0.5581677235710834,0.9322405052991345,0.45364584072198805,0.5691547394145926,0.11331240220206651,0.610307451066791,0.834873543686738,0.08127362107228514,0.7821990206767196,0.6576695587711974,0.7371543561210502,0.7236486937752171,0.341863183096414,0.828748897170008,0.5280481352305932,0.7827340888864351,0.5152490018210271,logreg,raw,3,0.8,41
0.7135037966653753,0.7415772633163937,0.6321067235548476,0.7280829031569711,0.5845769945640523,0.7415772633163937,0.595997384101146,0.7300045040482414,0.9615225262624868,0.9558065556716734,0.12253389620036095,0.773303045618463,0.8388337378109461,0.1321094926433792,0.22356743963983505,0.39938786671642007,0.8654317633906442,0.834164079522055,0.22426988830802796,0.638254341769135,0.7747249252687146,0.7645213862922765,0.6246509051041126,0.5805679410839709,0.8386111328103953,0.5270671676029052,0.6814410897978449,0.2275541864520616,0.5594256563368911,0.6859473660190465,0.37113084478474506,0.7800540887623778,0.696132141959932,0.7441018514393135,0.7480280568748098,0.43038358204184823,0.8385628692665876,0.5923723953431191,0.8021038178798383,0.45844658161195145,logreg,raw,4,0.8,49
0.010528948746638473,0.23052314640572075,0.03794894672715496,0.07140201740386064,0.037688314133530826,0.23052314640572075,0.01903880090115724,0.09055212058129603,0.5088220436826746,0.5169212487999589,-0.001281994390071487,0.0,0.0,-0.004048430621362482,0.0,0.07684412180859428,-0.0017175253293716705,0.0,-0.001769636868478109,0.0,-0.0022900254816380205,-0.0015147481380715128,0.0,-0.001295977202186652,0.02701725514843495,0.0,0.0,-0.0037778617302606727,0.0,0.10180913413626647,-0.0022637248326669844,0.0,0.0,0.0,0.018650313381763282,0.05829191636133886,0.0,0.0,0.0,0.0,logreg,combat,0,0.99,573
0.01370420057294579,0.23108769288671435,0.034534646617335955,0.0629913327365277,0.04767368079323142,0.23108769288671435,0.025803768021924123,0.09095168736519105,0.5128352473547151,0.5247033418721617,0.0,0.0,0.0,-0.004537723770071027,0.0,-0.0021082370954888133,0.0,0.0,-0.0019787004937902443,0.0,0.1404540179453228,-0.0015027244672867531,0.0,-0.002245120970648228,0.14999153676777222,0.0,0.0,0.1156629201316472,0.0,-0.002870935016617087,0.06018800486658126,-0.0018805043333548245,0.0,0.0,0.014825611779477041,0.0,0.0,0.0,0.0,0.0,logreg,combat,1,0.99,581
0.02535110256192026,0.23296951449002634,0.06039813860230766,0.14572466293589198,0.05199572707691357,0.23296951449002634,0.027064330974746677,0.0921052623457143,0.517589583719776,0.5296710059392812,0.0,0.04467213325361789,0.0,0.03362145654005311,-0.0015027244672867531,0.07216607665467244,0.0,0.0,-0.0015324061959997263,0.0,-0.002804960997597323,-0.0015027244672867531,0.0,0.0,0.15294795336762504,0.0,0.0,-0.0020139745877886966,0.0,0.06317299865569113,0.14756629194361395,0.0,-0.0015502864861226561,0.0,0.04726303729450218,0.0,0.0,0.0,0.0,0.0,logreg,combat,2,0.99,582
0.020424928152593877,0.23301336344814605,0.0445604819563153,0.06422535294817903,0.05579346314864085,0.23301336344814605,0.03407541693416145,0.09247955230189593,0.5188423148861335,0.5341476262968614,0.0,0.0,0.0,0.09154373179834911,0.0,0.08148561917717671,0.0,0.0,-0.0012513226529758655,0.0,0.05613405032945089,-0.002624611741887827,0.0,0.0,0.1955502117544794,0.0,0.0,-0.002467768003760942,0.0,0.18713162105046663,0.10808939250865597,0.0,0.0,0.0,0.01798181974621605,0.0,0.0,0.0,0.0,0.0,logreg,combat,3,0.99,565
0.018552160586019797,0.230566534914361,0.06546235905282188,0.0816544602695643,0.05209845418458126,0.230566534914361,0.029518244583662572,0.09307194658111055,0.5246214622365429,0.541000667424804,0.0,0.0,0.0,-0.0044790971387376425,0.0,0.17346475038605047,-0.003436672907096447,0.0,-0.001979073869690552,0.0,0.15567389438199292,-0.001515035005231384,0.0,-0.0012962222393786019,0.18158038770220442,0.0,0.0,0.04407610144500982,0.0,0.07338055747782692,-0.0033033435487699278,-0.002646329529032078,-0.0022095740319410056,0.0,0.01735382203319318,0.058524526992078794,0.0,0.0,0.0,0.0,logreg,combat,4,0.99,601
0.0032003012492409872,0.23372224313135115,0.04113836477987421,0.08040718358767514,0.033498045520458986,0.23372224313135115,0.013129242291744746,0.08916223933875839,0.4857547366809872,0.4890902076817967,0.0,0.0,0.0,-0.0013464243302957603,0.0,-0.0014783978052592566,0.0,0.0,0.0,0.0,0.0,0.0,0.0,0.0,-0.0011926389645011341,0.0,0.0,-0.000843243731455019,0.0,0.0,-0.0017891259044472293,0.0,0.0,0.0,0.002404850792964642,0.0846528649824639,-0.002338205107174374,0.0,0.0,0.0,logreg,combat,0,0.95,208
0.0037237619610964424,0.23315769665035754,0.04447157549372201,0.14137734238345975,0.034885213215574494,0.23315769665035754,0.015002162404776583,0.08935940239837314,0.5105473864015465,0.5156151863384486,0.0,0.04467213325361789,0.0,-0.0026552033867862025,0.0,-0.0014906084474067905,-0.0017175253293716705,0.0,0.0,0.0,-0.0016191401503230741,0.0,0.0,0.0,0.06824203979570044,0.0,0.0,-0.001838325695874723,0.0,-0.001084498556370572,0.0,0.0,0.0,0.0,0.0015001067052632991,0.0,0.0,0.0,0.0,0.0,logreg,combat,1,0.95,212
0.005125219164493935,0.23353406097101995,0.007819785759294266,0.054918028704716224,0.0332529474812433,0.23353406097101995,0.012661973268033873,0.08892450928924052,0.5062958071129288,0.5110236458045703,0.0,0.0,0.0,-0.002199737431072515,0.0,-0.0014906084474067905,0.0,0.0,0.0,0.0,-0.0016191401503230741,0.0,0.0,-0.001309815976226632,-0.0021177216106361397,0.0,0.0,-0.001162330898507956,0.0,-0.0015338569230049098,-0.0007998201779814314,0.0,0.0,0.0,0.017354461702828197,-0.0031327799699971803,0.0,0.0,0.0,0.0,logreg,combat,2,0.95,214
0.016937133280697438,0.23489553924336534,0.05505684559394207,0.06807952498909645,0.037300834052343974,0.23489553924336534,0.0192251737109583,0.09016134478340913,0.5076469514578673,0.5164470561152958,0.0,0.0,0.0,-0.001099454647943444,0.0,0.12731172658421627,0.0,0.0,0.0,0.0,-0.0022745003892350657,0.0,0.0,0.0,0.08944420509233902,0.0,0.0,0.11331240220206651,0.0,0.0,0.0,0.0,0.0,0.0,0.03040459399327915,-0.002215423856368211,0.0,0.0,0.0,0.0,logreg,combat,3,0.95,203
0.012377742607922276,0.23433088650479955,0.05704132271126972,0.08554364827139545,0.03562955525806931,0.23433088650479955,0.01653010160912161,0.0901665772535642,0.5140564721127323,0.5215896423702184,0.0,-0.004214141254452236,0.0,-0.0022001524370184465,0.0,-0.0025616271974538713,0.0,0.0,0.0,0.0,0.06574056278446697,0.0,0.0,0.0,0.0824980894097823,0.0,0.0,-0.0014239613409156846,0.0,-0.001534146578384582,-0.0007999709882448966,0.0,0.0,0.0,0.022890970811188446,0.08497381280203406,0.0,0.0,0.0,0.0,logreg,combat,4,0.95,224
0.004695228269990273,0.23409860745201355,0.007809165097300691,0.0548434402392288,0.03333333333333333,0.23409860745201355,0.012653850066117384,0.08886746038153948,0.47966948921014,0.48113315198713297,0.0,0.0,0.0,0.0,0.0,0.0,0.0,0.0,0.0,0.0,0.0,0.0,0.0,0.0,-0.0011926389645011341,0.0,0.0,-0.0011926389645011341,0.0,0.0,0.0,0.0,0.0,0.0,0.01517384769840753,0.0,0.0,0.0,0.0,0.0,logreg,combat,0,0.9,110
0.0039027890358834852,0.23391042529168235,0.04113876319758673,0.1410046372852722,0.033352522969057885,0.23391042529168235,0.012790325750427323,0.08918143026056465,0.49527965871228397,0.4970080311977839,0.0,0.04467213325361789,0.0,-0.0013855900021265087,0.0,0.0,-0.0017175253293716705,0.0,-0.0008845685913894489,0.0,0.0,0.0,0.0,0.0,-0.0011926389645011341,0.0,0.0,-0.0008218147094106466,0.0,0.0,-0.0007998201779814314,0.0,0.0,0.0,0.003496624859186682,0.0,0.0,0.0,0.0,0.0,logreg,combat,1,0.9,112
0.004118236361814575,0.23391042529168235,0.007811714429361488,0.05486134409178975,0.03330653804930332,0.23391042529168235,0.012655263693748727,0.08887738822933808,0.4963470423690331,0.49847837820318636,0.0,0.0,0.0,-0.0013464243302957603,0.0,0.0,0.0,0.0,-0.0012510866425826663,0.0,0.0,0.0,0.0,0.0,-0.0012222067137317208,0.0,0.0,0.0,0.0,-0.0015338569230049098,0.0,0.0,0.0,0.0,0.01375107546719884,-0.0022150014802115353,0.0,0.0,0.0,0.0,logreg,combat,2,0.9,113
0.004217767934895999,0.23433088650479955,0.007816914673196458,0.05495233635307505,0.03333333333333333,0.23433088650479955,0.012664021971315227,0.08902714485763669,0.5095501595918843,0.5145778961850449,0.0,-0.004209104690466815,0.0,0.0,0.0,0.0,0.0,0.0,0.0,0.0,-0.0016081632568757122,0.0,0.0,0.0,-0.0008434027595432606,0.0,0.0,0.0,0.0,-0.0011011198564946693,0.0,0.0,0.0,0.0,0.015185106304752076,0.0,0.0,0.0,0.0,0.0,logreg,combat,3,0.9,106
-0.004830741129306275,0.23357801618671184,0.0078020872626681755,0.05484810074546515,0.033226238286479255,0.23357801618671184,0.012636831118578485,0.08883599515883801,0.5147259107142653,0.5174888220700283,0.0,-0.004214141254452236,0.0,-0.0013466782293483938,0.0,-0.0020913629307735544,0.0,0.0,0.0,0.0,0.0,0.0,0.0,0.0,-0.001192863906485418,0.0,0.0,-0.0008219696815163016,0.0,-0.0010847033351572238,0.0,0.0,-0.0015622577108941587,0.0,-0.01390458624146218,0.0,0.0,0.0,0.0,0.0,logreg,combat,4,0.9,121
0.012458805543960652,0.23428678961234475,0.04113808896417592,0.06629158452070857,0.033879781420765025,0.23428678961234475,0.013723329414021953,0.0891970951089045,0.48421161260404033,0.4842067653970894,0.0,0.0,0.0,0.0,0.0,0.12731186345945697,0.0,0.0,0.0,0.0,0.0,0.0,0.0,0.0,0.0,0.0,0.0,0.0,0.0,0.0,0.0,0.0,0.0,0.0,0.007584781558084055,0.0,0.0,0.0,0.0,0.0,logreg,combat,0,0.8,43
-0.0009119541441540534,0.23391042529168235,0.007802887633396108,0.054799353872476995,0.03330653804930332,0.23391042529168235,0.01264367816091954,0.08879602351628099,0.48739787158696096,0.4888142614974006,0.0,-0.004213310755798393,0.0,0.0,0.0,-0.0014906084474067905,0.0,0.0,0.0,0.0,-0.0016191401503230741,0.0,0.0,0.0,-0.000843243731455019,0.0,0.0,0.0,0.0,0.0,0.0,0.0,0.0,0.0,-0.001030699461829129,0.0,0.0,0.0,0.0,0.0,logreg,combat,1,0.8,43
0.002266618191020229,0.23409860745201355,0.007804755630842587,0.054812472740505346,0.03333333333333333,0.23409860745201355,0.01264806059681765,0.08882680118051085,0.4895565229629921,0.49112498677130406,0.0,0.0,0.0,0.0,0.0,-0.0014906084474067905,0.0,0.0,0.0,0.0,0.0,0.0,0.0,0.0,0.0,0.0,0.0,0.0,0.0,0.0,0.0,0.0,0.0,0.0,0.007584781558084055,0.0,0.0,0.0,0.0,0.0,logreg,combat,2,0.8,45
0.0015115450721505882,0.23433088650479955,0.0078125,0.05492130152456239,0.03333333333333333,0.23433088650479955,0.012658227848101267,0.08898641259675934,0.5183020844772517,0.5208343283773899,0.0,-0.004209104690466815,0.0,0.0,0.0,0.0,0.0,0.0,0.0,0.0,0.0,0.0,0.0,0.0,0.0,0.0,0.0,0.0,0.0,0.0,0.0,0.0,0.0,0.0,0.00759040886808219,0.0,0.0,0.0,0.0,0.0,logreg,combat,3,0.8,41
-0.002845099527657866,0.23395445134575568,0.007807298536524088,0.054884735618139405,0.033279785809906294,0.23395445134575568,0.012647537647537647,0.08891126127150971,0.5079480416466617,0.5086929631873816,0.0,0.0,0.0,0.0,0.0,-0.0025616271974538713,0.0,0.0,0.0,0.0,0.0,0.0,0.0,0.0,0.0,0.0,0.0,0.0,-0.002554528451106548,0.0,-0.0007999709882448966,-0.001871061413889595,0.0,0.0,-0.007858898462393694,0.0,0.0,0.0,0.0,0.0,logreg,combat,4,0.8,49
0.0,0.23409860745201355,0.007803286915067118,0.054802158010971935,0.03333333333333333,0.23409860745201355,0.012646131950798008,0.08881325638008687,0.49155499632008814,0.49009740874534413,0.0,0.0,0.0,0.0,0.0,0.0,0.0,0.0,0.0,0.0,0.0,0.0,0.0,0.0,0.0,0.0,0.0,0.0,0.0,0.0,0.0,0.0,0.0,0.0,0.0,0.0,0.0,0.0,0.0,0.0,logreg,sitewise,0,none,2850
0.0,0.23409860745201355,0.007803286915067118,0.054802158010971935,0.03333333333333333,0.23409860745201355,0.012646131950798008,0.08881325638008687,0.4946172647492528,0.4970295275797045,0.0,0.0,0.0,0.0,0.0,0.0,0.0,0.0,0.0,0.0,0.0,0.0,0.0,0.0,0.0,0.0,0.0,0.0,0.0,0.0,0.0,0.0,0.0,0.0,0.0,0.0,0.0,0.0,0.0,0.0,logreg,sitewise,1,none,2850
0.0,0.23409860745201355,0.007803286915067118,0.054802158010971935,0.03333333333333333,0.23409860745201355,0.012646131950798008,0.08881325638008687,0.4942100378573158,0.4929011455110546,0.0,0.0,0.0,0.0,0.0,0.0,0.0,0.0,0.0,0.0,0.0,0.0,0.0,0.0,0.0,0.0,0.0,0.0,0.0,0.0,0.0,0.0,0.0,0.0,0.0,0.0,0.0,0.0,0.0,0.0,logreg,sitewise,2,none,2850
0.0,0.23433088650479955,0.007811029550159985,0.054910964370125256,0.03333333333333333,0.23433088650479955,0.012656297651723086,0.0889728434579065,0.5002543641993847,0.4973963618370317,0.0,0.0,0.0,0.0,0.0,0.0,0.0,0.0,0.0,0.0,0.0,0.0,0.0,0.0,0.0,0.0,0.0,0.0,0.0,0.0,0.0,0.0,0.0,0.0,0.0,0.0,0.0,0.0,0.0,0.0,logreg,sitewise,3,none,2850
0.0,0.23433088650479955,0.007811029550159985,0.054910964370125256,0.03333333333333333,0.23433088650479955,0.012656297651723086,0.0889728434579065,0.4977969827040191,0.49857818928497577,0.0,0.0,0.0,0.0,0.0,0.0,0.0,0.0,0.0,0.0,0.0,0.0,0.0,0.0,0.0,0.0,0.0,0.0,0.0,0.0,0.0,0.0,0.0,0.0,0.0,0.0,0.0,0.0,0.0,0.0,logreg,sitewise,4,none,2850
0.0,0.23409860745201355,0.007803286915067118,0.054802158010971935,0.03333333333333333,0.23409860745201355,0.012646131950798008,0.08881325638008687,0.4918999360101331,0.4995664683977903,0.0,0.0,0.0,0.0,0.0,0.0,0.0,0.0,0.0,0.0,0.0,0.0,0.0,0.0,0.0,0.0,0.0,0.0,0.0,0.0,0.0,0.0,0.0,0.0,0.0,0.0,0.0,0.0,0.0,0.0,logreg,sitewise,0,all,2850
0.0,0.23409860745201355,0.007803286915067118,0.054802158010971935,0.03333333333333333,0.23409860745201355,0.012646131950798008,0.08881325638008687,0.49807784967531826,0.4984831233437356,0.0,0.0,0.0,0.0,0.0,0.0,0.0,0.0,0.0,0.0,0.0,0.0,0.0,0.0,0.0,0.0,0.0,0.0,0.0,0.0,0.0,0.0,0.0,0.0,0.0,0.0,0.0,0.0,0.0,0.0,logreg,sitewise,1,all,2850
0.0,0.23409860745201355,0.007803286915067118,0.054802158010971935,0.03333333333333333,0.23409860745201355,0.012646131950798008,0.08881325638008687,0.4894044423542869,0.49908031206924564,0.0,0.0,0.0,0.0,0.0,0.0,0.0,0.0,0.0,0.0,0.0,0.0,0.0,0.0,0.0,0.0,0.0,0.0,0.0,0.0,0.0,0.0,0.0,0.0,0.0,0.0,0.0,0.0,0.0,0.0,logreg,sitewise,2,all,2850
0.0,0.23433088650479955,0.007811029550159985,0.054910964370125256,0.03333333333333333,0.23433088650479955,0.012656297651723086,0.0889728434579065,0.4937010351918654,0.49856543761327854,0.0,0.0,0.0,0.0,0.0,0.0,0.0,0.0,0.0,0.0,0.0,0.0,0.0,0.0,0.0,0.0,0.0,0.0,0.0,0.0,0.0,0.0,0.0,0.0,0.0,0.0,0.0,0.0,0.0,0.0,logreg,sitewise,3,all,2850
0.0,0.23433088650479955,0.007811029550159985,0.054910964370125256,0.03333333333333333,0.23433088650479955,0.012656297651723086,0.0889728434579065,0.509660985687053,0.5009922624598461,0.0,0.0,0.0,0.0,0.0,0.0,0.0,0.0,0.0,0.0,0.0,0.0,0.0,0.0,0.0,0.0,0.0,0.0,0.0,0.0,0.0,0.0,0.0,0.0,0.0,0.0,0.0,0.0,0.0,0.0,logreg,sitewise,4,all,2850
0.0,0.23409860745201355,0.007803286915067118,0.054802158010971935,0.03333333333333333,0.23409860745201355,0.012646131950798008,0.08881325638008687,0.49265952277172487,0.49953456087492054,0.0,0.0,0.0,0.0,0.0,0.0,0.0,0.0,0.0,0.0,0.0,0.0,0.0,0.0,0.0,0.0,0.0,0.0,0.0,0.0,0.0,0.0,0.0,0.0,0.0,0.0,0.0,0.0,0.0,0.0,logreg,sitewise,0,0.99,573
0.0,0.23409860745201355,0.007803286915067118,0.054802158010971935,0.03333333333333333,0.23409860745201355,0.012646131950798008,0.08881325638008687,0.4970700602961173,0.4984121163795264,0.0,0.0,0.0,0.0,0.0,0.0,0.0,0.0,0.0,0.0,0.0,0.0,0.0,0.0,0.0,0.0,0.0,0.0,0.0,0.0,0.0,0.0,0.0,0.0,0.0,0.0,0.0,0.0,0.0,0.0,logreg,sitewise,1,0.99,581
0.0,0.23409860745201355,0.007803286915067118,0.054802158010971935,0.03333333333333333,0.23409860745201355,0.012646131950798008,0.08881325638008687,0.4884633098320012,0.4989612060511254,0.0,0.0,0.0,0.0,0.0,0.0,0.0,0.0,0.0,0.0,0.0,0.0,0.0,0.0,0.0,0.0,0.0,0.0,0.0,0.0,0.0,0.0,0.0,0.0,0.0,0.0,0.0,0.0,0.0,0.0,logreg,sitewise,2,0.99,582
0.0,0.23433088650479955,0.007811029550159985,0.054910964370125256,0.03333333333333333,0.23433088650479955,0.012656297651723086,0.0889728434579065,0.4977124183141116,0.4990876703042083,0.0,0.0,0.0,0.0,0.0,0.0,0.0,0.0,0.0,0.0,0.0,0.0,0.0,0.0,0.0,0.0,0.0,0.0,0.0,0.0,0.0,0.0,0.0,0.0,0.0,0.0,0.0,0.0,0.0,0.0,logreg,sitewise,3,0.99,565
0.0,0.23433088650479955,0.007811029550159985,0.054910964370125256,0.03333333333333333,0.23433088650479955,0.012656297651723086,0.0889728434579065,0.4909396645920708,0.4990538900544037,0.0,0.0,0.0,0.0,0.0,0.0,0.0,0.0,0.0,0.0,0.0,0.0,0.0,0.0,0.0,0.0,0.0,0.0,0.0,0.0,0.0,0.0,0.0,0.0,0.0,0.0,0.0,0.0,0.0,0.0,logreg,sitewise,4,0.99,601
0.0,0.23409860745201355,0.007803286915067118,0.054802158010971935,0.03333333333333333,0.23409860745201355,0.012646131950798008,0.08881325638008687,0.48914818823294237,0.49890203419811524,0.0,0.0,0.0,0.0,0.0,0.0,0.0,0.0,0.0,0.0,0.0,0.0,0.0,0.0,0.0,0.0,0.0,0.0,0.0,0.0,0.0,0.0,0.0,0.0,0.0,0.0,0.0,0.0,0.0,0.0,logreg,sitewise,0,0.95,208
0.0,0.23409860745201355,0.007803286915067118,0.054802158010971935,0.03333333333333333,0.23409860745201355,0.012646131950798008,0.08881325638008687,0.5028909523057246,0.5009382848542528,0.0,0.0,0.0,0.0,0.0,0.0,0.0,0.0,0.0,0.0,0.0,0.0,0.0,0.0,0.0,0.0,0.0,0.0,0.0,0.0,0.0,0.0,0.0,0.0,0.0,0.0,0.0,0.0,0.0,0.0,logreg,sitewise,1,0.95,212
0.0,0.23409860745201355,0.007803286915067118,0.054802158010971935,0.03333333333333333,0.23409860745201355,0.012646131950798008,0.08881325638008687,0.48906005679741044,0.4990562957626074,0.0,0.0,0.0,0.0,0.0,0.0,0.0,0.0,0.0,0.0,0.0,0.0,0.0,0.0,0.0,0.0,0.0,0.0,0.0,0.0,0.0,0.0,0.0,0.0,0.0,0.0,0.0,0.0,0.0,0.0,logreg,sitewise,2,0.95,214
0.0,0.23433088650479955,0.007811029550159985,0.054910964370125256,0.03333333333333333,0.23433088650479955,0.012656297651723086,0.0889728434579065,0.49024392722618687,0.4980128296100939,0.0,0.0,0.0,0.0,0.0,0.0,0.0,0.0,0.0,0.0,0.0,0.0,0.0,0.0,0.0,0.0,0.0,0.0,0.0,0.0,0.0,0.0,0.0,0.0,0.0,0.0,0.0,0.0,0.0,0.0,logreg,sitewise,3,0.95,203
0.0,0.23433088650479955,0.007811029550159985,0.054910964370125256,0.03333333333333333,0.23433088650479955,0.012656297651723086,0.0889728434579065,0.4927447005953766,0.4991684206230927,0.0,0.0,0.0,0.0,0.0,0.0,0.0,0.0,0.0,0.0,0.0,0.0,0.0,0.0,0.0,0.0,0.0,0.0,0.0,0.0,0.0,0.0,0.0,0.0,0.0,0.0,0.0,0.0,0.0,0.0,logreg,sitewise,4,0.95,224
0.0,0.23409860745201355,0.007803286915067118,0.054802158010971935,0.03333333333333333,0.23409860745201355,0.012646131950798008,0.08881325638008687,0.4902051734039771,0.499116847173072,0.0,0.0,0.0,0.0,0.0,0.0,0.0,0.0,0.0,0.0,0.0,0.0,0.0,0.0,0.0,0.0,0.0,0.0,0.0,0.0,0.0,0.0,0.0,0.0,0.0,0.0,0.0,0.0,0.0,0.0,logreg,sitewise,0,0.9,110
0.0,0.23409860745201355,0.007803286915067118,0.054802158010971935,0.03333333333333333,0.23409860745201355,0.012646131950798008,0.08881325638008687,0.5020338207185815,0.5014786722725175,0.0,0.0,0.0,0.0,0.0,0.0,0.0,0.0,0.0,0.0,0.0,0.0,0.0,0.0,0.0,0.0,0.0,0.0,0.0,0.0,0.0,0.0,0.0,0.0,0.0,0.0,0.0,0.0,0.0,0.0,logreg,sitewise,1,0.9,112
0.0,0.23409860745201355,0.007803286915067118,0.054802158010971935,0.03333333333333333,0.23409860745201355,0.012646131950798008,0.08881325638008687,0.49029811039507526,0.49927159139914634,0.0,0.0,0.0,0.0,0.0,0.0,0.0,0.0,0.0,0.0,0.0,0.0,0.0,0.0,0.0,0.0,0.0,0.0,0.0,0.0,0.0,0.0,0.0,0.0,0.0,0.0,0.0,0.0,0.0,0.0,logreg,sitewise,2,0.9,113
0.0,0.23433088650479955,0.007811029550159985,0.054910964370125256,0.03333333333333333,0.23433088650479955,0.012656297651723086,0.0889728434579065,0.4989333842681763,0.4991886521542195,0.0,0.0,0.0,0.0,0.0,0.0,0.0,0.0,0.0,0.0,0.0,0.0,0.0,0.0,0.0,0.0,0.0,0.0,0.0,0.0,0.0,0.0,0.0,0.0,0.0,0.0,0.0,0.0,0.0,0.0,logreg,sitewise,3,0.9,106
0.0,0.23433088650479955,0.007811029550159985,0.054910964370125256,0.03333333333333333,0.23433088650479955,0.012656297651723086,0.0889728434579065,0.4930397405791017,0.4991689571425813,0.0,0.0,0.0,0.0,0.0,0.0,0.0,0.0,0.0,0.0,0.0,0.0,0.0,0.0,0.0,0.0,0.0,0.0,0.0,0.0,0.0,0.0,0.0,0.0,0.0,0.0,0.0,0.0,0.0,0.0,logreg,sitewise,4,0.9,121
0.0,0.23409860745201355,0.007803286915067118,0.054802158010971935,0.03333333333333333,0.23409860745201355,0.012646131950798008,0.08881325638008687,0.4902781968477707,0.49941720624712677,0.0,0.0,0.0,0.0,0.0,0.0,0.0,0.0,0.0,0.0,0.0,0.0,0.0,0.0,0.0,0.0,0.0,0.0,0.0,0.0,0.0,0.0,0.0,0.0,0.0,0.0,0.0,0.0,0.0,0.0,logreg,sitewise,0,0.8,43
0.0,0.23409860745201355,0.007803286915067118,0.054802158010971935,0.03333333333333333,0.23409860745201355,0.012646131950798008,0.08881325638008687,0.4975859044599602,0.49885341329999144,0.0,0.0,0.0,0.0,0.0,0.0,0.0,0.0,0.0,0.0,0.0,0.0,0.0,0.0,0.0,0.0,0.0,0.0,0.0,0.0,0.0,0.0,0.0,0.0,0.0,0.0,0.0,0.0,0.0,0.0,logreg,sitewise,1,0.8,43
0.0,0.23409860745201355,0.007803286915067118,0.054802158010971935,0.03333333333333333,0.23409860745201355,0.012646131950798008,0.08881325638008687,0.4911371522502453,0.4993957244337275,0.0,0.0,0.0,0.0,0.0,0.0,0.0,0.0,0.0,0.0,0.0,0.0,0.0,0.0,0.0,0.0,0.0,0.0,0.0,0.0,0.0,0.0,0.0,0.0,0.0,0.0,0.0,0.0,0.0,0.0,logreg,sitewise,2,0.8,45
0.0,0.23433088650479955,0.007811029550159985,0.054910964370125256,0.03333333333333333,0.23433088650479955,0.012656297651723086,0.0889728434579065,0.48623035190559627,0.49843928425754974,0.0,0.0,0.0,0.0,0.0,0.0,0.0,0.0,0.0,0.0,0.0,0.0,0.0,0.0,0.0,0.0,0.0,0.0,0.0,0.0,0.0,0.0,0.0,0.0,0.0,0.0,0.0,0.0,0.0,0.0,logreg,sitewise,3,0.8,41
0.0,0.23433088650479955,0.007811029550159985,0.054910964370125256,0.03333333333333333,0.23433088650479955,0.012656297651723086,0.0889728434579065,0.4895649160098922,0.49897256443005567,0.0,0.0,0.0,0.0,0.0,0.0,0.0,0.0,0.0,0.0,0.0,0.0,0.0,0.0,0.0,0.0,0.0,0.0,0.0,0.0,0.0,0.0,0.0,0.0,0.0,0.0,0.0,0.0,0.0,0.0,logreg,sitewise,4,0.8,49
0.03790293836766987,0.22939405344373354,0.05342884072063818,0.09783129983806,0.06336932663621722,0.22939405344373354,0.04104837870233971,0.11059144226926255,0.6451864739590157,0.6556564889774908,0.0,-0.0001372779360271282,-0.013823054268029341,0.1516459436359208,0.0,0.058564269031703815,-0.004546712931109738,0.04553456634229952,0.0,0.0,0.02419348469254758,-0.003388355541837641,0.0,0.04817168980720984,0.10071738383736,-0.0022401262821661163,-0.002762055086093936,0.11438446460021473,0.0,-0.0024259258692811573,-0.0033987915407854984,-0.003742468760932502,0.0,0.0,0.05079000234446952,0.30287626675763124,0.004332896008697557,-0.0023937641170829623,-0.005324932127332993,0.0,logreg,neurocombat,0,none,2850
0.03130425069536819,0.22619495671810314,0.05367000017835111,0.10230171134276457,0.05882964106272528,0.22619495671810314,0.03600097311403536,0.10911185042807156,0.6510829176845693,0.6603759792695143,0.0,-0.0030845453288905044,-0.008737526498387969,0.10952448071270846,0.0,0.09082644280610357,-0.002975401209284913,0.06315638392458799,-0.0019787004937902443,0.0,0.15163045736191827,-0.0015027244672867531,0.0,-0.0025926864914954787,0.12862661792117472,0.0,0.0,-0.003291909085882893,-0.003601785247898575,-0.0018787602493601787,-0.0025313984313166124,-0.0018805043333548245,-0.0015502864861226561,-0.0037972033867768196,0.029897454335821264,0.1739373128212776,-0.006617803739757966,-0.0023937641170829623,0.018732942969146543,-0.002617906424338092,logreg,neurocombat,1,none,2850
0.020527136170131036,0.2228076778321415,0.05087291248035013,0.11502708974939625,0.0486875357410694,0.2228076778321415,0.03056729814868054,0.10728478820795144,0.6407983669746641,0.6511967389137705,-0.0018131844979539945,0.03241400195832977,-0.0036614551965562753,0.06583234113231845,0.0,0.011576993100267574,-0.002429176232110022,0.07658744183810488,-0.0015324061959997263,0.0,0.01833485894175652,-0.0021253733478729013,0.0,-0.001309815976226632,0.09639617278681988,-0.0022401262821661163,0.0,-0.003393542499244477,-0.0036122970652276943,0.055000305083374494,-0.002887054872800468,0.0,0.0,-0.0026847755676829357,-0.0005181740582325218,0.12871848059573418,0.06374702395449364,0.0,-0.0053359312723619545,-0.0018509651684760296,logreg,neurocombat,2,none,2850
0.03387954476117569,0.2284961415396198,0.08934576488953168,0.1460681914986771,0.05465225833408425,0.2284961415396198,0.03754324194577817,0.11331129810190214,0.6332698833821166,0.6433073488827254,-0.0012962222393786019,0.018142945225275414,0.014146101855675164,0.0353317527029975,-0.0015030090301053794,-0.0059230795251617695,0.07628171650905591,0.06621427009494987,-0.0012513226529758655,0.0,0.12099349530635073,0.0,0.0,0.056016515569779664,0.1558294466101871,0.0,-0.0027556347200569493,-0.002850339247969893,-0.002554528451106548,-0.0034850002529914245,-0.0025318761440687554,-0.001880861636289434,-0.0026861893631725487,0.0,0.024987448461196736,0.2196278838341011,0.044974410509931916,0.0,0.05512592371772223,-0.004118981329984838,logreg,neurocombat,3,none,2850
0.018347710254472516,0.22134387351778656,0.050949104059654936,0.09840614493458867,0.05568019307844617,0.22134387351778656,0.03226946222330522,0.10167450820958766,0.6334161715885779,0.6461115901449824,-0.0022455455470150204,-0.019422242508345577,0.00442784458067084,-0.004123889239023422,0.0,0.016556802998335726,0.03754523091011726,-0.004568519966216547,-0.0017699707631896027,0.0,0.10758506223114368,-0.002624611741887827,0.0,-0.002899532938407584,0.23374712222719687,-0.0022405535747411043,0.0,0.062468970482566936,-0.002554528451106548,-0.0018791150700070722,-0.002264151950940039,-0.001871061413889595,-0.0022095740319410056,-0.0026923952271038485,0.03019802809833773,0.1286438238294699,0.006609879847848585,0.0,0.012221941777890953,-0.0031899483055588887,logreg,neurocombat,4,none,2850
0.02911371845937305,0.22149040270982312,0.12980756625854942,0.17287984999670128,0.05793307753151773,0.22149040270982312,0.04064351995153695,0.10276243676472278,0.5064665159207608,0.5155964475312474,-0.004057460260847534,-0.007299042234493202,-0.0075662074984663135,0.026121982242200446,-0.0021253733478729013,0.12342041864450513,0.03825931671219149,0.011451953744469346,-0.005823567884367253,0.0,0.062495945540503244,0.05294746507859477,0.0,0.025211107410500908,0.06672637596031142,-0.0031683151500034442,0.06814403538493591,0.056993359185652404,0.08363576114403547,0.06731690907498052,0.03088622822323681,0.08882817574351946,0.02854518102549414,0.0,0.04062690884141354,0.05128592517265692,0.06828658224566055,0.0,0.059553377489481835,0.020771216193854903,logreg,neurocombat,0,all,2850
0.034288677998534474,0.2231840421528039,0.12728604791332734,0.19261214938339047,0.06674308861693957,0.2231840421528039,0.04651878299344646,0.1061021079621097,0.5262774153924388,0.5394455072837696,-0.004255901438932878,-0.004213310755798393,0.03269776723761188,-0.005738926562394238,-0.0030062978115667285,0.11920921953888798,0.08569414719127649,0.018574009949069926,-0.006409551960517128,0.0,0.07587590883730848,-0.005424279250751072,0.0,-0.006228196512918667,0.25399427038686273,-0.0038807430288939986,0.0,0.06092796562761581,0.024986806725353923,0.09356886075035832,0.03088622822323681,0.05189645773238306,0.05535632358385789,0.07010551711939421,0.044459730308611126,0.04795498839013666,0.05979289651677939,-0.0023937641170829623,0.100384297216025,0.018506568846029584,logreg,neurocombat,1,all,2850
0.029336802549246116,0.2203613097478359,0.08837531716916236,0.1382808659674885,0.0713823321468048,0.2203613097478359,0.048356727015448665,0.10412603796626418,0.5093748314938652,0.5257072037091924,-0.005743532224429342,0.0,0.02122164194364185,-0.00529377534459136,-0.0015027244672867531,0.0465993269538123,0.009101985358891784,0.019748928990033287,-0.0059585910541767595,-0.00226500105777562,0.10972191523735585,0.031417567169034946,-0.0029180399884380244,-0.005565990434525058,0.3108553923653409,-0.006340212003712583,0.0,0.05877878576649231,0.0643132302943713,0.15867846516380255,0.06986757965826941,0.12512744881283552,0.025777510436066513,0.0,0.030076426318461184,0.05438860309530262,0.02061251338416958,-0.0023858971715452052,0.054988365764552107,-0.006144742430185285,logreg,neurocombat,2,all,2850
0.04063580173720344,0.22680218332392246,0.1733918874188525,0.2211532983591445,0.08293675517487681,0.22680218332392246,0.0639359329770914,0.11189637226932547,0.5251996677491018,0.544950000554768,0.07669233953478578,-0.004209104690466815,0.028066032736003395,-0.0048087371501163625,0.0,0.1190300024673168,0.0856924346688233,0.022952093167428918,-0.00509779618928866,-0.0022654332220236398,0.11796291404781521,0.04401930744065435,-0.002911963567299044,0.029812928066741996,0.4160576992826262,-0.006751708519859609,0.0773077208285605,0.028435168167772213,0.11257653686820407,0.14827229640927125,0.07301916262069602,0.04752567823258688,0.1032279717504012,0.07919743350395043,0.03409999146159367,0.09309944949080257,0.07498464177440245,-0.004134063091679166,0.06482045600771502,0.020951522875537722,logreg,neurocombat,3,all,2850
0.0387875712747026,0.22190852625635235,0.09300285044642706,0.11794997072325099,0.08378352937575081,0.22190852625635235,0.06053977965171965,0.1087670606312762,0.5252803419566819,0.5440422858328632,-0.005192225030075775,0.0,-0.009771704495392367,-0.004934595773967019,-0.0030068672578528826,0.14170010465500518,0.1036653430245723,0.012231292982802516,-0.005325987746713367,0.0,0.11301666115659657,0.046615270557821664,0.0,0.01862466815311085,0.35020787572530815,0.02417667196223122,-0.0027625855401812675,0.11295544368113138,0.04672123522240613,0.14266859479244656,0.026385910545740767,0.07279653977079317,0.07288708377293368,-0.0026923952271038485,0.04190787411243583,0.07047302430000754,0.08739616030257154,-0.0041476942890466394,0.03367393274780659,0.03979476283932252,logreg,neurocombat,4,all,2850
0.013711416505889366,0.22958223560406474,0.023119637636961385,0.06674298149330522,0.03912965149303526,0.22958223560406474,0.019927287029039877,0.09198787746183984,0.5600824640482204,0.564585993456127,-0.001281994390071487,-0.004213310755798393,0.0,-0.004123109895983692,0.0,0.07684412180859428,-0.002975401209284913,-0.004154181865413573,-0.001769636868478109,0.0,-0.0022900254816380205,0.0,0.0,-0.001295977202186652,0.024758163894063802,0.0,0.0,0.03361186753804902,0.0,0.083097957994453,-0.001960073840014876,0.0,0.0,0.0,0.033669610152693895,0.0,0.0,0.0,-0.003073772295762898,0.0,logreg,neurocombat,0,0.99,573
0.014697891575559447,0.22939405344373354,0.057734447200599344,0.07693164163637949,0.053311609950224985,0.22939405344373354,0.03037233827676918,0.09324992237588553,0.5713010936103963,0.5798957057759956,-0.0018131844979539945,0.0,0.0,-0.004465836365918571,0.0,0.1449695221377256,0.0,-0.008254025123047874,-0.0021677619587655854,0.0,0.10183907691568299,0.0,0.0,-0.001295977202186652,0.15706010341979568,-0.0022401262821661163,0.0,0.20226956439360622,0.0,-0.002870935016617087,0.05794583799080736,-0.0018805043333548245,0.0,0.0,0.019312182697012684,0.0,-0.004050652519918257,0.0,0.0,0.0,logreg,neurocombat,1,0.99,581
0.024735922769036255,0.23184042152803913,0.0939127565183832,0.18547758729776379,0.04869671594101952,0.23184042152803913,0.02603398744080656,0.09636003022444348,0.5680064530148808,0.5769110529263818,0.0,0.04467213325361789,0.0,0.03594655160251276,-0.0015027244672867531,0.10104209385067907,-0.002429176232110022,0.024555627950878102,-0.0019787004937902443,0.0,-0.0032391949399245613,-0.0015027244672867531,0.0,-0.001309815976226632,0.1328165119088414,-0.0022401262821661163,0.0,-0.0024673023867420223,-0.00255403935899473,-0.0026577189578295517,0.09483154233913159,0.0,0.0,0.0,0.044301994171216434,0.08497401974826327,-0.002338205107174374,0.0,0.0,0.0,logreg,neurocombat,2,0.99,582
0.022589315710858003,0.23226049313005834,0.07761784815527367,0.1265826582163713,0.05550446766569201,0.23226049313005834,0.03500434854819552,0.0970375756808062,0.575450027869651,0.5863003935561923,0.0,0.0,0.0,0.08969100970938616,0.0,0.12444811740962089,-0.0024296371154564323,0.03141693277364951,-0.0008847354445557115,0.0,-0.0032172351233595736,-0.002142784754203506,0.0,0.0,0.1911335534059935,0.0,0.0,-0.0032925307286644973,0.0,0.21097632126239063,0.060187475119577505,-0.001880861636289434,0.0,0.0,0.021305755998120016,-0.004432099423589417,-0.0023466614574721876,0.0,0.06123312841557498,0.0,logreg,neurocombat,3,0.99,565
0.02022376951059877,0.22943722943722944,0.04879252434605345,0.08129683541791445,0.05369852244576845,0.22943722943722944,0.03064749223313928,0.09637676223941953,0.5714602637428411,0.5846007758434368,-0.0012962222393786019,0.0,0.0,-0.0048087371501163625,0.0,0.14374096464821906,-0.002975965779691092,0.020584773143135872,-0.0025040601625460203,0.0,0.1633824889680584,-0.002142784754203506,0.0,-0.0022455455470150204,0.2069803385904726,0.0,0.0,0.03835661017004622,0.0,0.07338055747782692,-0.0028875998573244348,-0.002646329529032078,-0.0015622577108941587,0.0,0.02254333563880009,-0.0031333774118305125,0.0,0.0,0.0,0.0,logreg,neurocombat,4,0.99,601
0.007690154153059879,0.23353406097101995,0.0462823433210677,0.09531197252032661,0.03362499538863248,0.23353406097101995,0.01363676662987514,0.09067162638936471,0.5492006362000171,0.5507163352451832,0.0,0.0,0.0,-0.001554863287375895,0.0,-0.0014783978052592566,-0.0017175253293716705,0.01372016015117298,0.0,0.0,0.0,0.0,0.0,0.0,-0.0016869638045274762,0.0,0.0,-0.001460815963168974,0.0,-0.001084498556370572,-0.0013855900021265087,0.0,0.0,0.0,0.013281970840779096,0.0846528649824639,-0.003307032609658317,0.0,0.0,0.0,logreg,neurocombat,0,0.95,208
0.004830042849374741,0.23221678584870153,0.04858979426232394,0.15588992701928653,0.035020290811780576,0.23221678584870153,0.015552567287791695,0.09156441027378204,0.5791295470249771,0.5817661612887886,-0.001281994390071487,0.04467213325361789,0.0,-0.0021173211734356445,0.0,0.0,-0.0017175253293716705,0.017754087179024,-0.0008845685913894489,0.0,-0.0016191401503230741,-0.0015027244672867531,0.0,0.0,0.056794239988353014,-0.0022401262821661163,0.0,-0.001644093655356132,0.0,-0.001084498556370572,-0.0007998201779814314,0.0,0.0,0.0,-0.00013788788107742126,0.0,-0.002338205107174374,0.0,0.0,0.0,logreg,neurocombat,1,0.95,212
0.0067441923764932615,0.23259315016936394,0.01299417703655344,0.06985346399959155,0.03346489765355113,0.23259315016936394,0.013691589533595953,0.09179188411453935,0.5714864315761697,0.573828172617147,0.0,0.0,-0.004367529657965327,-0.0019046695655438998,0.0,-0.0014906084474067905,0.0,0.021026961866540673,0.0,0.0,-0.0016191401503230741,0.0,0.0,0.0,-0.0024457951026152004,0.0,0.0,-0.001162330898507956,0.0,-0.0018787602493601787,-0.0013855900021265087,0.0,0.0,0.0,0.010267174433267579,-0.0031327799699971803,0.0,0.0,0.0,0.0,logreg,neurocombat,2,0.95,214
0.012057171823083492,0.23395445134575568,0.06710576555937381,0.07962864865599066,0.0392447707900067,0.23395445134575568,0.02292534226878218,0.09244648014644057,0.5737518265769364,0.5787975662086652,0.0,0.0,0.0,0.13894550672218134,0.0,0.12731172658421627,0.0,0.00520115385726748,0.0,0.0,-0.0027859449796831205,0.0,0.0,0.0,0.18095528956289503,0.0,0.0,-0.0016444037745573907,0.0,0.0,0.0,0.0,0.0,0.0,0.02099819019724573,-0.004432099423589417,0.0,0.0,0.0,0.0,logreg,neurocombat,3,0.95,203
0.0039055106850250983,0.2324487107095803,0.026327610972106386,0.06714574829988036,0.03361754206367955,0.2324487107095803,0.013925358215938499,0.09045814359647789,0.5807862036024375,0.5853617603109731,0.0,-0.004214141254452236,0.0,-0.0022001524370184465,0.0,-0.0025616271974538713,0.0,-0.014389542529762094,0.0,0.0,0.08164508688858371,0.0,0.0,0.0,-0.0014610915115454805,0.0,0.0,-0.0016444037745573907,0.0,-0.001534146578384582,-0.0007999709882448966,0.0,0.0,0.0,0.018062903089017736,0.0,-0.003318992879362824,0.0,0.0,0.0,logreg,neurocombat,4,0.95,224
0.008733142056781558,0.23409860745201355,0.04569966457383676,0.09363133918724922,0.03366694495267164,0.23409860745201355,0.013523311657498477,0.09037700441223852,0.5476915523504413,0.5485959849368804,0.0,0.0,0.0,0.0,0.0,0.0,-0.0017175253293716705,0.008792448969211745,0.0,0.0,0.0,-0.0015147481380715128,0.0,0.0,-0.000843243731455019,0.0,0.0,-0.0011926389645011341,0.0,0.0,-0.0007998201779814314,0.0,0.0,0.0,0.016823614725028836,0.0846528649824639,0.0,0.0,0.0,0.0,logreg,neurocombat,0,0.9,110
0.005309438447386822,0.23353406097101995,0.025806929678884486,0.10339846503616407,0.03352955012930312,0.23353406097101995,0.013506812425648235,0.09115080401360127,0.5672843901955407,0.5678055424013684,0.0,0.02093029578158895,0.0,-0.0013855900021265087,0.0,0.0,0.0,0.02782390324586282,0.0,0.0,0.0,0.0,0.0,0.0,-0.0011926389645011341,0.0,0.0,0.0,0.0,-0.001084498556370572,-0.0011312230061988557,0.0,0.0,0.0,-0.0032704630522536714,0.0,0.0,0.0,0.0,0.0,logreg,neurocombat,1,0.9,112
0.009258613741570927,0.23372224313135115,0.02681171502538263,0.08606346912358266,0.0338457876539481,0.23372224313135115,0.014202172948211276,0.0921941745904936,0.564210488614917,0.5652416230778003,0.0,0.0,0.0,-0.0013464243302957603,0.0,-0.0014906084474067905,0.0,0.04049764081316434,-0.0008845685913894489,0.0,-0.002804960997597323,0.0,0.0,0.0,-0.0012222067137317208,0.0,0.0,0.0,0.0,-0.0015338569230049098,0.0,0.0,0.0,0.0,0.0018212844345387939,0.04651086476045868,0.0,0.0,0.0,0.0,logreg,neurocombat,2,0.9,113
0.002398189944731729,0.23357801618671184,0.01257420740179361,0.06863290917692288,0.0333805811481219,0.23357801618671184,0.013138107632111406,0.0903028330565822,0.5720070181698522,0.5736830303234561,0.0,0.0,0.0,0.0,0.0,0.0,0.0,0.011580158016498825,0.0,0.0,-0.0016081632568757122,0.0,0.0,0.0,-0.0008434027595432606,0.0,0.0,0.0,0.0,0.0,-0.0007999709882448966,0.0,0.0,0.0,0.0011072497932750542,-0.0038379492530566175,-0.0023466614574721876,0.0,0.0,0.0,logreg,neurocombat,3,0.9,106
-0.0030702180546338664,0.2326369282891022,0.008823095253157883,0.057833593155038526,0.033130955193322306,0.2326369282891022,0.012762217958845027,0.08920791613823072,0.5775078352189298,0.5792966611579811,0.0,-0.004214141254452236,0.0,-0.0013466782293483938,0.0,-0.0014786777078517122,0.0,-0.01762885291432926,0.0,0.0,0.0,0.0,0.0,-0.0012962222393786019,-0.0016872820402653158,0.0,0.0,-0.0008219696815163016,0.0,0.0,0.0,0.0,0.0,0.0,0.0015227140635924276,0.0,0.0,0.0,0.0,0.0,logreg,neurocombat,4,0.9,121
0.013348970137218807,0.23466315393300716,0.05094965653872503,0.10874161586960865,0.03382420338086342,0.23466315393300716,0.013770222516104885,0.09105136357954588,0.5509535588343599,0.5521508284370407,0.0,-0.004213310755798393,0.0,0.0,0.0,0.0,0.0,0.03803944623514629,0.0,0.0,0.0,0.0,0.0,0.0,0.0,0.0,0.0,0.0,0.0,0.0,0.0,0.0,0.0,0.0,0.010780403204815898,0.0846528649824639,0.0,0.0,0.0,0.0,logreg,neurocombat,0,0.8,43
0.0039986589379479125,0.23372224313135115,0.01415303892611003,0.07312238711015784,0.03343348791747682,0.23372224313135115,0.013136484812766762,0.0901827355704701,0.5676981436711386,0.5678717491841305,0.0,0.0,0.0,0.0,0.0,-0.0014906084474067905,-0.0017175253293716705,0.02015091479882846,0.0,0.0,-0.0016191401503230741,0.0,0.0,0.0,-0.000843243731455019,0.0,0.0,0.0,0.0,0.0,0.0,0.0,0.0,0.0,0.0005513381436756281,-0.002223404719508515,0.0,0.0,0.0,0.0,logreg,neurocombat,1,0.8,43
0.001698421145370002,0.23334587881068874,0.012848699152923438,0.06933625260190002,0.03341833363746768,0.23334587881068874,0.013234749288340201,0.09041147511008167,0.5577889336126,0.5584298675165459,0.0,0.0,0.0,0.0,0.0,-0.0014906084474067905,0.0,0.014842369275415726,0.0,0.0,0.0,0.0,0.0,0.0,0.0,0.0,0.0,0.0,0.0,0.0,0.0,0.0,0.0,0.0,-0.004431338425115429,-0.0022150014802115353,0.0,0.0,0.0,0.0,logreg,neurocombat,2,0.8,45
0.013423702710850947,0.23489553924336534,0.01893610324205225,0.08700610880682319,0.03360658319552721,0.23489553924336534,0.013305664773554682,0.09090280054437556,0.5619671639600896,0.5624741123806816,0.0,-0.005953133312719265,0.0,0.0,0.0,0.0,0.0,0.042870974715433004,0.0,0.0,0.0,0.0,0.0,0.0,0.0,0.0,0.0,0.0,0.0,0.0,0.0,0.0,0.0,0.0,0.01696087881808114,-0.002215423856368211,0.0,0.0,0.0,0.0,logreg,neurocombat,3,0.8,41
0.005485859007001313,0.23395445134575568,0.010059786956338681,0.061496902469273425,0.03335695724072762,0.23395445134575568,0.012930239248395516,0.08987389261869529,0.5732600391787598,0.5744223731575789,0.0,-0.004214141254452236,0.0,0.0,0.0,-0.0020913629307735544,0.0,-0.00750147029735327,0.0,0.0,0.0,0.0,0.0,0.0,0.0,0.0,0.0,-0.0008219696815163016,-0.002554528451106548,0.0,0.0,0.0,0.0,0.0,0.023078559416693775,0.0,0.0,0.0,0.0,0.0,logreg,neurocombat,4,0.8,49
0.04968474246578793,0.23409860745201355,0.05764382823090441,0.11850776228392872,0.060717877895640836,0.23409860745201355,0.04054867776051387,0.11777302053701838,0.6626079620596085,0.672364716069347,0.0,0.0074376410046934184,0.01232853973567914,0.15301286900288724,0.0,0.05107656995127233,-0.003436020875019924,0.0927747760691611,0.0,0.0,-0.007069654149801926,-0.0026241146868144637,-0.004127120143755577,-0.003667994201602045,0.08147528131814825,-0.0022401262821661163,0.0,0.09176154385601791,-0.0036122970652276943,-0.00216960973727327,-0.003203806503850145,0.06722015373056522,0.0,0.0,0.07289364251782923,0.2449783188639413,0.0032900602371317375,-0.0023937641170829623,-0.003073772295762898,0.0,logreg,covbat,0,none,2850
0.03713434671305465,0.22901768912307113,0.051813617145945706,0.12092809072855222,0.059440211883123685,0.22901768912307113,0.03450621811849815,0.11324170070561329,0.6620624356777698,0.6691229038750895,-0.001281994390071487,0.047344183583853915,0.019874953684740262,0.1220463701629773,0.0,0.02285138587156862,-0.003841949906888264,0.06907755249833189,-0.0019787004937902443,-0.00226500105777562,0.06576682755949632,-0.0021253733478729013,0.0,0.0,0.1846783231340238,-0.0022401262821661163,0.0,-0.003291909085882893,-0.004411683286096222,-0.0018787602493601787,-0.0026552033867862025,-0.002659685043851202,-0.0015502864861226561,-0.0046510431806352365,0.04523124750082345,0.11171710433140361,0.022688037154470226,-0.003385612310371599,-0.007532719019783465,-0.0018509651684760296,logreg,covbat,1,none,2850
0.03280229063485373,0.22638313887843434,0.051215521812315486,0.10991365523916861,0.0521482291843551,0.22638313887843434,0.0353126824587406,0.11278343429998278,0.6491451929415374,0.6580707736180447,-0.001281994390071487,0.03691414417794631,0.0003131494534437262,0.06583234113231845,-0.0015027244672867531,0.02988273686120317,-0.004209041682544924,0.06038096268871717,-0.0012510866425826663,0.0,0.044103555164050665,-0.0015027244672867531,-0.0029180399884380244,-0.001309815976226632,0.10214122410447422,-0.0038807430288939986,0.0,0.05425152802721478,-0.00255403935899473,0.06317299865569113,-0.0031017795911019008,-0.0018805043333548245,-0.0015502864861226561,-0.0026847755676829357,0.04394513236613678,0.10513388682446297,0.061705400484661124,-0.0023858971715452052,-0.006161982855385628,0.0,logreg,covbat,2,none,2850
0.06376384057198871,0.2407302842085451,0.08172856963496485,0.15767450430291333,0.05807060832040782,0.2407302842085451,0.04173242030343904,0.13030396358706176,0.6585108817733304,0.6662673916770547,-0.0012962222393786019,0.07548403631296173,0.023439774428353675,0.038663022360167665,-0.0015030090301053794,-0.006624706004480684,0.0,0.15000098537031284,-0.0012513226529758655,0.0,0.1589456775780462,0.0,-0.002911963567299044,-0.0022695240941696232,0.1558294466101871,0.0,-0.0038974228621140505,-0.002326414689239912,-0.005110500206607124,-0.0036554437755592995,-0.0024017221719006003,0.030752075967798446,-0.0026861893631725487,-0.0026923952271038485,0.07174400415527417,0.17007713606886105,0.07958626046438043,0.0,0.031808980478177755,-0.003683781914283436,logreg,covbat,3,none,2850
0.036082287274644104,0.22868435911914173,0.05601278999240214,0.11122775129025265,0.056660930705509996,0.22868435911914173,0.03353333877836273,0.1084195276299193,0.6520229971552772,0.6581917248825744,-0.002593176842201002,0.01687984819766264,0.014993628365567177,-0.004744592751961022,-0.002125775856016036,0.015457002086180765,0.034515904930539736,0.020732737970718028,-0.0015326953028987115,0.0,0.12139897359335854,-0.003030926002761155,-0.002911963567299044,-0.003668688184030091,0.2586230679469339,-0.003168919545986442,0.0,0.03178594199454527,-0.002554528451106548,-0.002658221033250759,-0.0016003939587888863,-0.007494835076015823,-0.0034946304371312156,-0.004664243467945661,0.0725956242282722,0.0920381170144198,0.040479756814468255,0.0,-0.008701353607797785,-0.0018413707714056275,logreg,covbat,4,none,2850
0.019616570977463416,0.2194203989461799,0.09098987915276326,0.12048488265151432,0.052591617650164686,0.2194203989461799,0.034763593703850404,0.09613201132592611,0.48407540276574895,0.49448371365289423,-0.005447764145318415,0.0,-0.004367529657965327,0.02899624738297025,-0.0021253733478729013,0.12342041864450513,0.03710595737017088,-0.014162906858519257,-0.0060250056061453,0.0,0.06152293399020382,0.02541977400790907,0.0,0.02701725514843495,0.07887714184127848,-0.0022401262821661163,0.0,0.058375834327741086,0.07369407948200525,0.049671363038327525,-0.005203543730795997,0.08344761811516223,0.025777510436066513,-0.0026918787656581614,0.024293201418895658,0.03900233835539228,0.0397661085284414,0.0,0.02189412863378499,-0.006144742430185285,logreg,covbat,0,all,2850
0.03467205091514425,0.22638313887843434,0.16918399915816135,0.2756705074581093,0.06680693523263,0.22638313887843434,0.045576311145613765,0.10232521291401488,0.5018514711091211,0.5160345590955533,-0.003848881970829672,0.0,0.06095090998455158,-0.005624204668871672,-0.0030062978115667285,0.14756276434963142,0.0752410667217556,0.03313578318395958,-0.005891453487168401,0.0,0.07903677985426884,0.031417567169034946,0.0,-0.006090720808985499,0.24365252694214845,-0.0022401262821661163,0.0,0.062469951615101486,0.050465691608974385,0.10016697397098823,0.032933320630682786,0.05824681483663276,0.06268632258963455,0.07010551711939421,0.04422462908726267,0.04021912948727091,0.06056064219952936,-0.003385612310371599,0.04499860495807655,0.028981314009156413,logreg,covbat,1,all,2850
0.029380280702849617,0.2237485886337975,0.1226445759940474,0.22657017407675573,0.06996939611936259,0.2237485886337975,0.04594666447595898,0.09947151356540948,0.4860723189012842,0.5029715808465947,-0.005447764145318415,0.0,0.043094745602623115,-0.004612832292798444,-0.0021253733478729013,0.06742775385292198,0.009989351579020695,0.027047606988736844,-0.006409551960517128,-0.00226500105777562,0.097614215242502,0.031417567169034946,0.0,-0.004727950982908051,0.30296531999677595,-0.0022401262821661163,0.0,0.06019083735626475,0.024883782624815238,0.14362244692762602,0.07784824068018725,0.14084597498996873,0.024573202662486936,0.0,0.03169416717466486,0.0646323803255948,0.031828452562638304,-0.0023858971715452052,0.03172960961826736,-0.005238772328619713,logreg,covbat,2,all,2850
0.03521649056194975,0.2264257481648786,0.16691016413293494,0.20021421925087005,0.08330176672298421,0.2264257481648786,0.05950353110582304,0.10490949383843158,0.5044280579680017,0.526276711680093,0.03435337034990023,0.0,0.0,-0.004613704781101561,-0.0015030090301053794,0.13856275907345045,0.08727282209835362,0.0139885220030681,-0.0054729694757329715,0.0,0.11062262230514985,0.026641506989877512,-0.002911963567299044,0.0310555412918864,0.4060855595970176,-0.005030529880833811,0.06557854862997785,0.09213024020387739,0.08716854150921424,0.14026720893960942,0.07192858117721602,0.022944352252430588,0.11306465456603318,0.07919743350395043,0.022358267984013552,0.08626884583685453,0.039582757645546536,-0.0033751305857505094,0.09033802312768276,0.031609294983026094,logreg,covbat,3,all,2850
0.03844260015907005,0.22529644268774704,0.09752390076119657,0.13737647660705443,0.0798736491620078,0.22529644268774704,0.05476002610359091,0.1037461099507505,0.5034597268785627,0.5226439422722009,-0.00430313511170524,0.0,-0.004368393445642229,-0.0044790971387376425,-0.0026037782196164775,0.10997781308655291,0.09808820011400747,0.019150806669468678,-0.005325987746713367,0.0,0.07102733504506598,0.05119087831579514,0.0,0.019154359027068534,0.3458112725542484,-0.003168919545986442,-0.0027625855401812675,0.10899685844158039,0.03754243808927914,0.14458963618630394,0.030885270730152865,0.081033792533764,0.057057635879211505,-0.0038079802941895103,0.04556087777336385,0.09350399379205497,0.09395647178447172,-0.0041476942890466394,0.026012362486072024,0.018680066572111506,logreg,covbat,4,all,2850
0.0067067589793488,0.22939405344373354,0.021153419078950995,0.05798288057525,0.03842945825340006,0.22939405344373354,0.019018276961865036,0.08979655773635792,0.5381130934778164,0.543347494447376,-0.0018131844979539945,0.0,0.0,-0.0034820299602160328,0.0,0.04137996160340493,-0.002429176232110022,-0.004474909419306065,-0.0019787004937902443,0.0,-0.0022900254816380205,0.0,0.0,-0.001295977202186652,0.025110216535270603,-0.0022401262821661163,0.0,0.03638652488569515,0.0,0.1132565580658445,-0.0022637248326669844,0.0,0.0,0.0,0.010155116197911188,-0.002223404719508515,-0.002338205107174374,0.0,-0.003073772295762898,0.0,logreg,covbat,0,0.99,573
0.016628021779116816,0.23127587504704555,0.05013364119787293,0.06775902594346864,0.052964261523944185,0.23127587504704555,0.02946658068505897,0.0914045001865521,0.543143769009696,0.553174703349353,-0.001281994390071487,0.0,0.0,-0.004243045614222486,0.0,0.08823992359344307,0.0,-0.004474909419306065,-0.0023416711149146638,0.0,0.10183907691568299,0.0,0.0,-0.0018329610417215584,0.13886501374829138,-0.0022401262821661163,0.0,0.23106286832596878,0.0,-0.002870935016617087,0.06267623399071102,-0.0018805043333548245,0.0,0.0,0.018117586482194588,0.0,-0.002338205107174374,0.0,0.0,0.0,logreg,covbat,1,0.99,581
0.017040944145703132,0.23127587504704555,0.026604032652322845,0.05920183694696742,0.05014807829761734,0.23127587504704555,0.026384827567213314,0.0910725707780337,0.5459511435772841,0.5564747035302378,0.0,0.0,0.0,0.037249103673786296,-0.0015027244672867531,0.07615305589410372,-0.0017175253293716705,-0.006329073240625976,-0.0019787004937902443,0.0,-0.002804960997597323,0.0,0.0,0.0,0.13902881104649442,-0.0022401262821661163,0.0,-0.0021755461199635053,0.0,0.05871481652524917,0.13798772665137696,0.0,-0.0015502864861226561,0.0,0.025599142750042516,0.0,-0.003307032609658317,0.0,0.0,0.0,logreg,covbat,2,0.99,582
0.023463709752341164,0.23338979860718992,0.03235669524840739,0.06052836082337398,0.05252319252365726,0.23338979860718992,0.03041860538830989,0.09224922180841297,0.5538909619084473,0.566531592970194,0.0,0.0,0.0,0.04588261464617785,0.0,0.08148561917717671,-0.0024296371154564323,-0.007745369866319607,-0.0008847354445557115,0.0,-0.0027859449796831205,-0.002142784754203506,0.0,0.0,0.19330646371395227,0.0,0.0,-0.0035889686437476386,0.0,0.13400391563539804,0.11502501942066157,0.0,0.0,0.0,0.03932863871844179,-0.002215423856368211,-0.0023466614574721876,0.0,-0.0030743654116536954,0.0,logreg,covbat,3,0.99,565
0.02293347427196041,0.23150762281197063,0.055714981790157984,0.07423844449024777,0.054308405099351455,0.23150762281197063,0.030749757386883556,0.09376151783931742,0.5488818009618056,0.5632117946731628,0.0,0.0,0.0,-0.0040491957761983124,-0.0015030090301053794,0.18095810622599626,-0.003436672907096447,0.0,-0.001979073869690552,0.0,0.17525493997335706,-0.002624611741887827,0.0,-0.0012962222393786019,0.20106982562008735,0.0,0.0,0.04195477221238478,0.0,0.07338055747782692,-0.0033033435487699278,-0.002646329529032078,-0.0015622577108941587,0.0,0.027772217745684197,0.03405119656812557,0.0,0.0,0.0,0.0,logreg,covbat,4,0.99,601
0.004522152654318662,0.23372224313135115,0.04114278522434082,0.0804382281844937,0.033498045520458986,0.23372224313135115,0.013135040774065588,0.08920296183785774,0.5232305721170741,0.5254514674166417,0.0,0.0,0.0,-0.001099247379238369,0.0,-0.0014783978052592566,-0.0017175253293716705,0.0,0.0,0.0,0.0,0.0,0.0,0.0,-0.0016869638045274762,0.0,0.0,-0.0011926389645011341,0.0,0.0,-0.0016000921679633884,0.0,0.0,0.0,0.007710052260817349,0.0846528649824639,-0.003307032609658317,0.0,0.0,0.0,logreg,covbat,0,0.95,208
0.003545645048813375,0.23315769665035754,0.04484342350680859,0.14142953806437647,0.034885213215574494,0.23315769665035754,0.015080726812568883,0.0893816512872253,0.5507999068676346,0.5543861085944175,0.0,0.04467213325361789,-0.004367529657965327,-0.0022637248326669844,0.0,0.0,-0.0017175253293716705,-0.006329073240625976,-0.0008845685913894489,0.0,-0.0016191401503230741,-0.0015027244672867531,0.0,0.0,0.07220793898180401,0.0,0.0,-0.001644093655356132,0.0,-0.001084498556370572,-0.0007998201779814314,0.0,0.0,0.0,0.0028213627293950964,-0.002223404719508515,0.0,0.0,0.0,0.0,logreg,covbat,1,0.95,212
0.0032782613891405325,0.23315769665035754,0.007816048448145345,0.0548917817246489,0.03319935691318328,0.23315769665035754,0.012653186274509804,0.08886279860081028,0.546811097688481,0.5497154671583422,0.0,0.0,0.0,-0.002199737431072515,0.0,-0.0014906084474067905,0.0,-0.004474909419306065,-0.0008845685913894489,0.0,-0.0022900254816380205,0.0,0.0,-0.001309815976226632,-0.0024457951026152004,0.0,0.0,-0.001162330898507956,0.0,-0.0018787602493601787,-0.0011312230061988557,0.0,0.0,0.0,0.011999386374448074,-0.0022150014802115353,0.0,0.0,0.0,0.0,logreg,covbat,2,0.95,214
0.016774696701190923,0.23489553924336534,0.0611631419939577,0.0687452199274083,0.03894072695729712,0.23489553924336534,0.021865379061985084,0.09040310425585912,0.5518533920570395,0.5583781835690799,0.0,0.0,0.0,-0.001099454647943444,0.0,0.12731172658421627,0.0,-0.004470949469843548,0.0,0.0,-0.0022745003892350657,0.0,0.0,0.0,0.19858523794251362,0.0,0.0,0.10099150554191562,0.0,0.0,0.0,0.0,0.0,0.0,0.023475263023072748,-0.002215423856368211,0.0,0.0,0.0,0.0,logreg,covbat,3,0.95,203
0.010193465360258608,0.23414266892527763,0.057036496218779015,0.08550971838347377,0.03560278149635579,0.23414266892527763,0.01652183188090051,0.09010844167120809,0.551449066840443,0.5568208189058192,0.0,0.0,0.0,-0.00205786020885967,0.0,-0.0020913629307735544,-0.001717851162000711,-0.008944425018820219,0.0,0.0,0.06574056278446697,0.0,0.0,0.0,0.0824980894097823,0.0,0.0,-0.0011625501033896224,0.0,-0.001534146578384582,-0.0007999709882448966,0.0,0.0,0.0,0.01796783879529253,0.08497381280203406,0.0,0.0,0.0,0.0,logreg,covbat,4,0.95,224
-0.0020568486972632727,0.23372224313135115,0.04112806984485899,0.08033488268914896,0.033498045520458986,0.23372224313135115,0.013115733152680763,0.08906736521947577,0.5227167721876718,0.5244321389080608,0.0,0.0,0.0,0.0,0.0,0.0,0.0,-0.004474909419306065,0.0,0.0,0.0,-0.0015147481380715128,0.0,0.0,0.0,0.0,0.0,-0.000843243731455019,0.0,0.0,-0.0011312230061988557,0.0,0.0,0.0,-0.01668005759203769,0.0846528649824639,-0.002338205107174374,0.0,0.0,0.0,logreg,covbat,0,0.9,110
-0.0021074003139404025,0.23353406097101995,0.00780061600352002,0.05478340031075784,0.0332529474812433,0.23353406097101995,0.012636831118578485,0.08874793702396482,0.5360012724910512,0.5364592041640448,0.0,0.0,0.0,-0.0013855900021265087,0.0,0.0,-0.0017175253293716705,-0.006329073240625976,0.0,0.0,0.0,0.0,0.0,0.0,-0.0011926389645011341,0.0,0.0,0.0,0.0,-0.001084498556370572,-0.0007998201779814314,0.0,0.0,0.0,-0.0041548886248425855,-0.002223404719508515,0.0,0.0,0.0,0.0,logreg,covbat,1,0.9,112
0.0029001186751592477,0.23372224313135115,0.007811320754716981,0.0548585793312077,0.03327974276527331,0.23372224313135115,0.01265281173594132,0.08886016823209071,0.5357733023599213,0.5363868959524368,0.0,0.0,0.0,-0.0013464243302957603,0.0,-0.0014906084474067905,0.0,-0.004474909419306065,-0.0008845685913894489,0.0,-0.0016191401503230741,0.0,0.0,0.0,-0.0012222067137317208,-0.0022401262821661163,0.0,0.0,0.0,-0.0018787602493601787,0.0,0.0,0.0,0.0,0.011074713149690631,-0.0022150014802115353,0.0,0.0,0.0,0.0,logreg,covbat,2,0.9,113
0.009475952501577949,0.23451910408432147,0.041154667671818065,0.15097437183180967,0.033398692810457514,0.23451910408432147,0.012800284545474551,0.08944361292014066,0.5551347469489154,0.5569378820554938,0.0,0.0,0.0,0.0,0.0,0.0,0.0,0.0421058241248207,0.0,0.0,-0.0022745003892350657,0.0,0.0,0.0,-0.0008434027595432606,0.0,0.0,0.0,0.0,0.0,-0.0007999709882448966,0.0,0.0,0.0,0.020093685510985875,-0.0031333774118305125,0.0,0.0,0.0,0.0,logreg,covbat,3,0.9,106
0.0011746141455903985,0.23395445134575568,0.018920958309752874,0.08689964104447016,0.033318371525316956,0.23395445134575568,0.012778900437092665,0.08929539511563855,0.5497379858682926,0.5519617935556672,0.0,-0.004214141254452236,0.0,-0.0013466782293483938,0.0,-0.0014786777078517122,0.0,0.019150806669468678,-0.0008847354445557115,0.0,0.0,0.0,0.0,0.0,-0.0008434027595432606,0.0,0.0,-0.0008219696815163016,0.0,-0.0010847033351572238,0.0,0.0,0.0,0.0,-0.0017600330181897243,0.0,0.0,0.0,0.0,0.0,logreg,covbat,4,0.9,121
0.0035817534433695143,0.23409860745201355,0.024469554300062774,0.06759574077499864,0.03355163608851901,0.23409860745201355,0.013126769948359153,0.08916693328157148,0.5389952455251085,0.5401595839921023,0.0,-0.004213310755798393,0.0,0.0,0.0,0.0,0.0,-0.004474909419306065,0.0,0.0,0.0,0.0,0.0,0.0,0.0,0.0,0.0,0.0,0.0,0.0,0.0,0.0,0.0,0.0,-0.001030699461829129,0.05829191636133886,0.0,0.0,0.0,0.0,logreg,covbat,0,0.8,43
0.0005857282274457936,0.23391042529168235,0.007805827681487063,0.05482000170739504,0.03330653804930332,0.23391042529168235,0.012647537647537647,0.08882312852956435,0.542757055015619,0.5426122256144412,0.0,0.0,0.0,0.0,0.0,0.0,0.0,-0.006329073240625976,0.0,0.0,-0.0016191401503230741,0.0,0.0,0.0,-0.000843243731455019,0.0,0.0,0.0,0.0,-0.001084498556370572,0.0,0.0,0.0,0.0,0.005354143204270141,0.0,0.0,0.0,-0.003073772295762898,0.0,logreg,covbat,1,0.8,43
0.0022158330022148346,0.23391042529168235,0.007811714429361488,0.05486134409178975,0.03330653804930332,0.23391042529168235,0.012655263693748727,0.08887738822933808,0.5424667588321292,0.5434433141021677,0.0,0.0,0.0,0.0,0.0,-0.0014906084474067905,0.0,-0.010966406113127105,0.0,0.0,-0.0016191401503230741,0.0,0.0,0.0,0.0,-0.0022401262821661163,0.0,0.0,0.0,0.0,0.0,0.0,0.0,0.0,0.01375107546719884,-0.0022150014802115353,0.0,0.0,0.0,0.0,logreg,covbat,2,0.8,45
0.0014098802386176173,0.23433088650479955,0.0078125,0.05492130152456239,0.03333333333333333,0.23433088650479955,0.012658227848101267,0.08898641259675934,0.5511889341647129,0.5521387503299603,0.0,0.0,0.0,0.0,0.0,0.0,0.0,-0.004470949469843548,0.0,0.0,0.0,0.0,0.0,0.0,0.0,0.0,0.0,0.0,0.0,0.0,0.0,0.0,0.0,0.0,0.00759040886808219,0.0,0.0,0.0,0.0,0.0,logreg,covbat,3,0.8,41
-0.002742147106391935,0.23395445134575568,0.0078087699459731125,0.05489507951855745,0.033279785809906294,0.23395445134575568,0.01264946827456368,0.08892483343778533,0.5614098359133184,0.5628023909367152,0.0,-0.004214141254452236,0.0,0.0,0.0,-0.0014786777078517122,0.0,-0.006323472611335374,0.0,0.0,0.0,0.0,0.0,0.0,0.0,0.0,0.0,0.0,-0.002554528451106548,0.0,-0.0007999709882448966,0.0,0.0,0.0,-0.004406085256625818,-0.002215423856368211,0.0,0.0,0.0,0.0,logreg,covbat,4,0.8,49
