accuracy,precision,recall,f1-score,auc,mcc,hospital,model,method,n_calib,n_test,tag
0.6951501154734411,0.525691699604743,0.9172413793103448,0.6683417085427136,0.8781130268199234,0.4793498972141671,H1,catboost,raw,30,433,manual_no_scaler
0.6630309988518944,0.5592485549132948,0.8176056338028169,0.664187643020595,0.793481404144072,0.3747953469155333,H10,catboost,raw,30,10452,manual_no_scaler
0.7817679558011049,0.7951807228915663,0.8761061946902655,0.8336842105263158,0.8488092139510671,0.5237385602476983,H11,catboost,raw,30,362,manual_no_scaler
0.8167456556082149,0.9253578732106339,0.8505639097744361,0.8863858961802155,0.8591481798555796,0.42731441287202915,H12,catboost,raw,30,1266,manual_no_scaler
0.7463414634146341,0.7744360902255639,0.824,0.7984496124031008,0.8298000000000001,0.4588326057145828,H13,catboost,raw,30,205,manual_no_scaler
0.6964624131396083,0.41935483870967744,0.7270306258322237,0.5319045299561617,0.7831451784094636,0.35787960420955,H14,catboost,raw,30,3166,manual_no_scaler
0.7838720208945479,0.5889724310776943,0.5845771144278606,0.5867665418227216,0.8085182762592527,0.44044430479277,H15,catboost,raw,30,3063,manual_no_scaler
0.6118598382749326,0.37247608926673753,0.8590686274509803,0.519644180874722,0.8017158805654644,0.3387764441532803,H16,catboost,raw,30,3339,manual_no_scaler
0.7411616161616161,0.6850763807285546,0.8041379310344827,0.7398477157360406,0.8352840110794428,0.4917494415915244,H17,catboost,raw,30,1584,manual_no_scaler
0.7766771724448447,0.8724279835390947,0.841747022121384,0.8568129330254042,0.7872485615279632,0.35155347066300224,H18,catboost,raw,30,2221,manual_no_scaler
0.75,0.8757396449704142,0.7668393782383419,0.8176795580110497,0.8090928993651025,0.43519436440810055,H19,catboost,raw,30,264,manual_no_scaler
0.7814207650273224,0.6683760683760683,0.8947368421052632,0.7651663405088063,0.8947645374700978,0.5898671930520321,H2,catboost,raw,30,1098,manual_no_scaler
0.7480190174326465,0.7622641509433963,0.6778523489932886,0.7175843694493783,0.8111030493580829,0.4942837899933755,H20,catboost,raw,30,631,manual_no_scaler
0.7142857142857143,0.7631578947368421,0.725,0.7435897435897436,0.7775000000000001,0.42219468881448274,H21,catboost,raw,30,140,manual_no_scaler
0.6831076724693746,0.7670316301703163,0.6775926921010209,0.7195435092724679,0.7439685022868576,0.36217726652180016,H22,catboost,raw,30,3102,manual_no_scaler
0.49698795180722893,0.9691780821917808,0.4654605263157895,0.6288888888888889,0.7385162124060151,0.17061659256093303,H23,catboost,raw,30,664,manual_no_scaler
0.5961538461538461,0.8991097922848664,0.5235421166306695,0.6617526617526618,0.7360484627365269,0.2973519900625873,H24,catboost,raw,30,3068,manual_no_scaler
0.5874095196314981,0.9461976202793585,0.507210205213533,0.6604080158873443,0.7742459082129063,0.32754247400399417,H25,catboost,raw,30,4559,manual_no_scaler
0.6847826086956522,0.7831669044222539,0.6168539325842697,0.6901319924575738,0.7471810089020772,0.3896806512054346,H26,catboost,raw,30,1564,manual_no_scaler
0.5780791788856305,0.9642857142857143,0.5507955936352509,0.7011165930927032,0.7452435976180061,0.2237642375061165,H27,catboost,raw,30,2728,manual_no_scaler
0.62478184991274,0.4680232558139535,0.8341968911917098,0.5996275605214153,0.7903736023997818,0.34023414727544815,H28,catboost,raw,30,573,manual_no_scaler
0.6252525252525253,0.4732824427480916,0.7230320699708455,0.5720876585928489,0.7206122899590395,0.2826108827218409,H29,catboost,raw,30,990,manual_no_scaler
0.8166811468288445,0.835357624831309,0.8742937853107344,0.8543823326432022,0.902781497493974,0.6085144103483684,H3,catboost,raw,30,1151,manual_no_scaler
0.4897959183673469,0.9377049180327869,0.49352890422778256,0.6466930469191634,0.4841294742071274,-0.037130815209891865,H30,catboost,raw,30,1225,manual_no_scaler
0.7495029821073559,0.7428571428571429,0.8783783783783784,0.804953560371517,0.8262175218696958,0.4745026984439184,H4,catboost,raw,30,503,manual_no_scaler
0.8192488262910798,0.8018867924528302,0.6028368794326241,0.6882591093117408,0.872863008585293,0.5759503618616192,H5,catboost,raw,30,426,manual_no_scaler
0.7555228276877761,0.7788079470198676,0.6398258977149075,0.7025089605734767,0.8258402907414725,0.5053097672617602,H6,catboost,raw,30,2037,manual_no_scaler
0.4752688172043011,0.29651162790697677,0.9807692307692307,0.45535714285714285,0.8932053057745578,0.2948036367187966,H7,catboost,raw,30,930,manual_no_scaler
0.7387878787878788,0.6443850267379679,0.7449768160741885,0.6910394265232975,0.828449735800327,0.4705262164750177,H8,catboost,raw,30,1650,manual_no_scaler
0.7670103092783506,0.6875,0.6759776536312849,0.6816901408450704,0.8492350385219265,0.4980152344912313,H9,catboost,raw,30,485,manual_no_scaler
0.6327944572748267,0.4742647058823529,0.8896551724137931,0.6187050359712231,0.8449712643678161,0.38389827719557307,H1,catboost,sitewise,30,433,catboost_no_scaler
0.7210103329506314,0.625232948192322,0.7875586854460094,0.6970704342405983,0.8180806143926436,0.45497321752892744,H10,catboost,sitewise,30,10452,catboost_no_scaler
0.7403314917127072,0.8055555555555556,0.7699115044247787,0.7873303167420814,0.8331272774596564,0.45520200513991355,H11,catboost,sitewise,30,362,catboost_no_scaler
0.8191153238546603,0.9129574678536103,0.8674812030075187,0.8896385542168674,0.8328510012655401,0.3942950483416759,H12,catboost,sitewise,30,1266,catboost_no_scaler
0.7853658536585366,0.8188976377952756,0.832,0.8253968253968254,0.8369,0.5470773345089099,H13,catboost,sitewise,30,205,catboost_no_scaler
0.6999368288060644,0.4331766286098052,0.8588548601864181,0.5758928571428571,0.8435411170199568,0.4341103247398923,H14,catboost,sitewise,30,3166,catboost_no_scaler
0.7499183806725432,0.5191146881287726,0.6417910447761194,0.5739710789766407,0.7810372660821612,0.4042742072249487,H15,catboost,sitewise,30,3063,catboost_no_scaler
0.737047020065888,0.4754358161648177,0.7352941176470589,0.5774783445620789,0.8171722117305106,0.4191143235356363,H16,catboost,sitewise,30,3339,catboost_no_scaler
0.6881313131313131,0.609895337773549,0.8841379310344828,0.7218468468468469,0.8324418931395768,0.42896605769226853,H17,catboost,sitewise,30,1584,catboost_no_scaler
0.7194957226474561,0.8840970350404312,0.7441860465116279,0.8081305820757623,0.7566499144223696,0.31674581673878,H18,catboost,sitewise,30,2221,catboost_no_scaler
0.75,0.8223350253807107,0.8393782383419689,0.8307692307692308,0.7831861636138073,0.35297251421771475,H19,catboost,sitewise,30,264,catboost_no_scaler
0.7577413479052824,0.6563071297989032,0.8215102974828375,0.7296747967479674,0.8656082421405747,0.5258008384707217,H2,catboost,sitewise,30,1098,catboost_no_scaler
0.7464342313787639,0.7269736842105263,0.7416107382550335,0.7342192691029901,0.8227522824838261,0.49193039482469697,H20,catboost,sitewise,30,631,catboost_no_scaler
0.7071428571428572,0.7349397590361446,0.7625,0.7484662576687117,0.8016666666666666,0.39870943075632087,H21,catboost,sitewise,30,140,catboost_no_scaler
0.6695680206318504,0.8415032679738562,0.553465878559914,0.6677471636952999,0.7679576670458251,0.39807469577263443,H22,catboost,sitewise,30,3102,catboost_no_scaler
0.5557228915662651,0.9671641791044776,0.5328947368421053,0.6871686108165429,0.7417763157894737,0.1870108694444357,H23,catboost,sitewise,30,664,catboost_no_scaler
0.6590612777053455,0.8797127468581688,0.6349892008639308,0.7375815353738083,0.7425049980065339,0.31805450910875943,H24,catboost,sitewise,30,3068,catboost_no_scaler
0.7343715727133143,0.8914677999346191,0.7562396006655574,0.818304576144036,0.7844489684034828,0.35297300600637965,H25,catboost,sitewise,30,4559,catboost_no_scaler
0.7014066496163683,0.7729032258064517,0.6730337078651686,0.7195195195195195,0.7752358883739539,0.4079752660789772,H26,catboost,sitewise,30,1564,catboost_no_scaler
0.6836510263929618,0.9531963470319634,0.6813545491636067,0.79467047347133,0.7620230157292316,0.24279935054041724,H27,catboost,sitewise,30,2728,catboost_no_scaler
0.6212914485165794,0.46511627906976744,0.8290155440414507,0.595903165735568,0.7762748841014454,0.3326956079154531,H28,catboost,sitewise,30,573,catboost_no_scaler
0.6414141414141414,0.4868995633187773,0.6501457725947521,0.5568039950062422,0.6877762807485546,0.27383440870266307,H29,catboost,sitewise,30,990,catboost_no_scaler
0.8279756733275413,0.8674351585014409,0.8502824858757062,0.8587731811697575,0.9024180280827945,0.6390376928972661,H3,catboost,sitewise,30,1151,catboost_no_scaler
0.356734693877551,0.9672544080604534,0.33132010353753233,0.493573264781491,0.5680576254346746,0.06481003395709639,H30,catboost,sitewise,30,1225,catboost_no_scaler
0.7435387673956262,0.8300395256916996,0.7094594594594594,0.7650273224043715,0.8225290507899204,0.4938224445922867,H4,catboost,sitewise,30,503,catboost_no_scaler
0.7582159624413145,0.6067415730337079,0.7659574468085106,0.677115987460815,0.8371033967898469,0.49646221995600265,H5,catboost,sitewise,30,426,catboost_no_scaler
0.7594501718213058,0.7497089639115251,0.7007616974972797,0.7244094488188977,0.8294083753632808,0.512343349305414,H6,catboost,sitewise,30,2037,catboost_no_scaler
0.6956989247311828,0.4200426439232409,0.9471153846153846,0.5819793205317577,0.9040192840400598,0.4753689154725823,H7,catboost,sitewise,30,930,catboost_no_scaler
0.7612121212121212,0.6754507628294036,0.7527047913446677,0.7119883040935673,0.8454666911167579,0.5112496052268133,H8,catboost,sitewise,30,1650,catboost_no_scaler
0.7422680412371134,0.618421052631579,0.7877094972067039,0.6928746928746928,0.8201518968853837,0.4867016369440051,H9,catboost,sitewise,30,485,catboost_no_scaler
0.6789838337182448,0.5119047619047619,0.8896551724137931,0.6498740554156172,0.8646072796934866,0.44260862941409745,H1,catboost,combat,30,433,catboost_no_scaler
0.737275162648297,0.6514605842336935,0.7643192488262911,0.7033916612659322,0.8254050736373452,0.47511787570112346,H10,catboost,combat,30,10452,catboost_no_scaler
0.7458563535911602,0.8418367346938775,0.7300884955752213,0.7819905213270142,0.8429203539823008,0.4880594683013806,H11,catboost,combat,30,362,catboost_no_scaler
0.7962085308056872,0.9112244897959184,0.8392857142857143,0.8737769080234834,0.8294312513958164,0.3578005377790468,H12,catboost,combat,30,1266,catboost_no_scaler
0.7853658536585366,0.8188976377952756,0.832,0.8253968253968254,0.85,0.5470773345089099,H13,catboost,combat,30,205,catboost_no_scaler
0.7157296272899558,0.44659498207885306,0.829560585885486,0.5806150978564771,0.8418428982199029,0.4368780459126558,H14,catboost,combat,30,3166,catboost_no_scaler
0.7600391772771793,0.5342601787487586,0.6691542288557214,0.5941468801766979,0.7890081465184041,0.4322842586739208,H15,catboost,combat,30,3063,catboost_no_scaler
0.7409404013177598,0.4802578565672844,0.7303921568627451,0.5794846864365581,0.8146707156901604,0.42215765164599645,H16,catboost,combat,30,3339,catboost_no_scaler
0.69760101010101,0.6180422264875239,0.8882758620689655,0.7289190718732315,0.8396017823451487,0.44623768744618436,H17,catboost,combat,30,1584,catboost_no_scaler
0.7028365601080594,0.8914123491838183,0.7124220079410096,0.7919293820933165,0.7705281043873706,0.31785686988553685,H18,catboost,combat,30,2221,catboost_no_scaler
0.7310606060606061,0.8588235294117647,0.7564766839378239,0.8044077134986226,0.7928190907100634,0.38749086828214113,H19,catboost,combat,30,264,catboost_no_scaler
0.773224043715847,0.6734317343173432,0.8352402745995423,0.745658835546476,0.8767244692010233,0.5555752114871684,H2,catboost,combat,30,1098,catboost_no_scaler
0.7321711568938193,0.7529411764705882,0.6442953020134228,0.6943942133815552,0.8172803676159379,0.46299777605031195,H20,catboost,combat,30,631,catboost_no_scaler
0.7428571428571429,0.7894736842105263,0.75,0.7692307692307693,0.8131250000000001,0.4801429794360784,H21,catboost,combat,30,140,catboost_no_scaler
0.6808510638297872,0.8276899924755455,0.5910800644814616,0.6896551724137931,0.7766539178809622,0.4024924539478821,H22,catboost,combat,30,3102,catboost_no_scaler
0.48493975903614456,0.9683098591549296,0.45230263157894735,0.6165919282511211,0.7406602443609024,0.16378155759337729,H23,catboost,combat,30,664,catboost_no_scaler
0.6450456323337679,0.9006535947712418,0.5952483801295896,0.7167750325097529,0.7543223793092568,0.3385879364756785,H24,catboost,combat,30,3068,catboost_no_scaler
0.711340206185567,0.9115744069015097,0.7032723239046035,0.793988728866625,0.7861591296771906,0.3711365816920908,H25,catboost,combat,30,4559,catboost_no_scaler
0.6867007672634271,0.7949852507374632,0.6056179775280899,0.6875,0.7739539225819357,0.39910452346372505,H26,catboost,combat,30,1564,catboost_no_scaler
0.6374633431085044,0.9609079445145019,0.6217870257037944,0.7550161010651474,0.7673991460053879,0.24365013603565394,H27,catboost,combat,30,2728,catboost_no_scaler
0.6282722513089005,0.47023809523809523,0.8186528497409327,0.5973534971644613,0.7909190073629669,0.3361106035382036,H28,catboost,combat,30,573,catboost_no_scaler
0.6343434343434343,0.48,0.6647230320699709,0.5574572127139364,0.6909350624771877,0.26951034816394603,H29,catboost,combat,30,990,catboost_no_scaler
0.8253692441355344,0.8679245283018868,0.844632768361582,0.8561202576950608,0.9055585313285126,0.634504870926096,H3,catboost,combat,30,1151,catboost_no_scaler
0.37387755102040815,0.9644549763033176,0.3511647972389991,0.5148640101201771,0.5548278296336968,0.05886310900682966,H30,catboost,combat,30,1225,catboost_no_scaler
0.7455268389662028,0.8589743589743589,0.6790540540540541,0.7584905660377359,0.8388007572790183,0.5126775756834916,H4,catboost,combat,30,503,catboost_no_scaler
0.784037558685446,0.64,0.7943262411347518,0.7088607594936709,0.8488241881298993,0.5483250045413607,H5,catboost,combat,30,426,catboost_no_scaler
0.7545409916543937,0.7388825541619156,0.705114254624592,0.7216035634743875,0.8310074923937313,0.5027668725751193,H6,catboost,combat,30,2037,catboost_no_scaler
0.689247311827957,0.4132762312633833,0.9278846153846154,0.5718518518518518,0.9020083102493076,0.45702030519084763,H7,catboost,combat,30,930,catboost_no_scaler
0.7909090909090909,0.7220588235294118,0.758887171561051,0.7400150715900528,0.8580857119522421,0.5658245055439202,H8,catboost,combat,30,1650,catboost_no_scaler
0.7608247422680412,0.6521739130434783,0.7541899441340782,0.6994818652849741,0.8348669076569175,0.5062439378639745,H9,catboost,combat,30,485,catboost_no_scaler
0.6789838337182448,0.5118110236220472,0.896551724137931,0.6516290726817042,0.8595545977011493,0.4466005125221027,H1,catboost,neurocombat,30,433,catboost_no_scaler
0.7326827401454267,0.641233140655106,0.7812206572769953,0.7043386243386244,0.8249558721840086,0.4722409673059398,H10,catboost,neurocombat,30,10452,catboost_no_scaler
0.7762430939226519,0.8606965174129353,0.7654867256637168,0.810304449648712,0.8637103071317022,0.5453732173432696,H11,catboost,neurocombat,30,362,catboost_no_scaler
0.8033175355450237,0.9137055837563451,0.8458646616541353,0.8784773060029283,0.8271514181493338,0.3745745936007485,H12,catboost,neurocombat,30,1266,catboost_no_scaler
0.7609756097560976,0.7878787878787878,0.832,0.8093385214007782,0.8468,0.4910193901578638,H13,catboost,neurocombat,30,205,catboost_no_scaler
0.7087807959570436,0.44016794961511546,0.8375499334221038,0.5770642201834862,0.8371661800828708,0.43277212795723236,H14,catboost,neurocombat,30,3166,catboost_no_scaler
0.7551420176297747,0.5267326732673268,0.6616915422885572,0.5865490628445424,0.7873046234079712,0.42124398231376453,H15,catboost,neurocombat,30,3063,catboost_no_scaler
0.7298592392932015,0.4672754946727549,0.7524509803921569,0.5765258215962441,0.8203595548405648,0.4178210492940817,H16,catboost,neurocombat,30,3339,catboost_no_scaler
0.7089646464646465,0.6341463414634146,0.8606896551724138,0.7302516091281451,0.8349323591987476,0.4535437656089132,H17,catboost,neurocombat,30,1584,catboost_no_scaler
0.7239981990094552,0.893296853625171,0.740782756664776,0.809922480620155,0.776286946377131,0.3413582243287465,H18,catboost,neurocombat,30,2221,catboost_no_scaler
0.7424242424242424,0.8834355828220859,0.7461139896373057,0.8089887640449438,0.8160986645260162,0.43655891932790863,H19,catboost,neurocombat,30,264,catboost_no_scaler
0.773224043715847,0.6702898550724637,0.8466819221967964,0.7482305358948432,0.88631398927497,0.5593342075950415,H2,catboost,neurocombat,30,1098,catboost_no_scaler
0.7258320126782885,0.7394636015325671,0.6476510067114094,0.6905187835420393,0.8117076808351976,0.449521699306901,H20,catboost,neurocombat,30,631,catboost_no_scaler
0.7214285714285714,0.7733333333333333,0.725,0.7483870967741936,0.8170833333333334,0.43825606221520325,H21,catboost,neurocombat,30,140,catboost_no_scaler
0.6608639587362991,0.840201850294365,0.5368081676518001,0.6550819672131147,0.77201568650544,0.38664203132493064,H22,catboost,neurocombat,30,3102,catboost_no_scaler
0.4939759036144578,0.9689655172413794,0.4621710526315789,0.6258351893095768,0.7311736372180452,0.1689024853675428,H23,catboost,neurocombat,30,664,catboost_no_scaler
0.6316818774445893,0.8947368421052632,0.5801295896328293,0.7038784067085954,0.7451076901895656,0.3187898399303314,H24,catboost,neurocombat,30,3068,catboost_no_scaler
0.7179205966220662,0.908738548273432,0.7151968940654465,0.8004345127250155,0.7904242026376698,0.3719473185634192,H25,catboost,neurocombat,30,4559,catboost_no_scaler
0.6962915601023018,0.7926657263751763,0.6314606741573033,0.7029393370856786,0.7695862367885841,0.4111942170282077,H26,catboost,neurocombat,30,1564,catboost_no_scaler
0.6048387096774194,0.9641649763353617,0.5818033455732354,0.7256997455470738,0.7704274539088886,0.23671797835421923,H27,catboost,neurocombat,30,2728,catboost_no_scaler
0.6527050610820244,0.4906832298136646,0.8186528497409327,0.6135922330097088,0.7939050995364059,0.36872242141579004,H28,catboost,neurocombat,30,573,catboost_no_scaler
0.6303030303030303,0.4760914760914761,0.6676384839650146,0.5558252427184466,0.6877852929646135,0.2648161946644441,H29,catboost,neurocombat,30,990,catboost_no_scaler
0.8227628149435273,0.8480662983425414,0.867231638418079,0.8575418994413407,0.9076500746068791,0.6234089666410095,H3,catboost,neurocombat,30,1151,catboost_no_scaler
0.3363265306122449,0.9650537634408602,0.3097497842968076,0.4689745264532985,0.5274400606583522,0.05537326436028425,H30,catboost,neurocombat,30,1225,catboost_no_scaler
0.757455268389662,0.83984375,0.7263513513513513,0.7789855072463768,0.8429951690821257,0.5200316724481583,H4,catboost,neurocombat,30,503,catboost_no_scaler
0.7793427230046949,0.6342857142857142,0.7872340425531915,0.7025316455696202,0.8633569739952719,0.5381853834129751,H5,catboost,neurocombat,30,426,catboost_no_scaler
0.7668139420716741,0.7336842105263158,0.7584330794341676,0.7458533975387908,0.8355420549286481,0.5307925540339519,H6,catboost,neurocombat,30,2037,catboost_no_scaler
0.6924731182795699,0.41702127659574467,0.9423076923076923,0.5781710914454278,0.9052977839335179,0.46906321649053945,H7,catboost,neurocombat,30,930,catboost_no_scaler
0.7818181818181819,0.7076700434153401,0.7557959814528593,0.7309417040358744,0.8556355662533266,0.5486275765738442,H8,catboost,neurocombat,30,1650,catboost_no_scaler
0.7670103092783506,0.665,0.7430167597765364,0.7018469656992085,0.825793259575711,0.5137275950642617,H9,catboost,neurocombat,30,485,catboost_no_scaler
0.6882217090069284,0.5210084033613446,0.8551724137931035,0.6475195822454308,0.8460967432950192,0.4357203636781712,H1,catboost,covbat,30,433,catboost_no_scaler
0.7162265595101416,0.6252904725019365,0.757981220657277,0.6852716468590832,0.8046518830900995,0.43783536167782117,H10,catboost,covbat,30,10452,catboost_no_scaler
0.7237569060773481,0.8351063829787234,0.6946902654867256,0.7584541062801933,0.8013079125455492,0.452432301563143,H11,catboost,covbat,30,362,catboost_no_scaler
0.8033175355450237,0.9030662710187932,0.8580827067669173,0.88,0.8104853718454552,0.34051247984979305,H12,catboost,covbat,30,1266,catboost_no_scaler
0.7414634146341463,0.7769230769230769,0.808,0.792156862745098,0.8135,0.45117538803577345,H13,catboost,covbat,30,205,catboost_no_scaler
0.7271004421983576,0.45603112840466925,0.7802929427430093,0.5756385068762279,0.8236565187065967,0.42519005121998876,H14,catboost,covbat,30,3166,catboost_no_scaler
0.7590597453476984,0.5339506172839507,0.6455223880597015,0.5844594594594594,0.7820299784829724,0.42065629618457473,H15,catboost,covbat,30,3063,catboost_no_scaler
0.689727463312369,0.4276315789473684,0.7965686274509803,0.5565068493150684,0.8081872265354815,0.3898119150429934,H16,catboost,covbat,30,3339,catboost_no_scaler
0.7058080808080808,0.6225165562913907,0.9075862068965517,0.7384960718294051,0.8360965035526474,0.4685083014026743,H17,catboost,covbat,30,1584,catboost_no_scaler
0.69968482665466,0.8853727144866386,0.7141236528644356,0.7905808477237048,0.753630547374835,0.30199224381532114,H18,catboost,covbat,30,2221,catboost_no_scaler
0.75,0.8290155440414507,0.8290155440414507,0.8290155440414507,0.8037655987739912,0.3642268116470846,H19,catboost,covbat,30,264,catboost_no_scaler
0.7832422586520947,0.6888045540796964,0.8306636155606407,0.7531120331950207,0.8779915321422019,0.5707616559063546,H2,catboost,covbat,30,1098,catboost_no_scaler
0.694136291600634,0.6495726495726496,0.7651006711409396,0.7026194144838213,0.7830481488199609,0.39764733718170436,H20,catboost,covbat,30,631,catboost_no_scaler
0.7571428571428571,0.7804878048780488,0.8,0.7901234567901234,0.8250000000000001,0.502307543200643,H21,catboost,covbat,30,140,catboost_no_scaler
0.6686009026434558,0.8020304568527918,0.5943041375604514,0.682716049382716,0.7598442260903979,0.369043560720002,H22,catboost,covbat,30,3102,catboost_no_scaler
0.6054216867469879,0.9552631578947368,0.5970394736842105,0.7348178137651822,0.7179863721804511,0.1648373613490155,H23,catboost,covbat,30,664,catboost_no_scaler
0.6316818774445893,0.8870019595035924,0.5866090712742981,0.7061882475299012,0.735927420627067,0.30714823632412375,H24,catboost,covbat,30,3068,catboost_no_scaler
0.7080500109673173,0.9003871876099965,0.7093732667775929,0.7935473863812627,0.7757241486877123,0.3460572280882118,H25,catboost,covbat,30,4559,catboost_no_scaler
0.6636828644501279,0.78,0.5696629213483146,0.6584415584415585,0.7436435168205915,0.35922559473124044,H26,catboost,covbat,30,1564,catboost_no_scaler
0.5975073313782991,0.9519038076152304,0.5813953488372093,0.7218844984802432,0.7325618218158949,0.19512313057459826,H27,catboost,covbat,30,2728,catboost_no_scaler
0.6108202443280978,0.4583333333333333,0.8549222797927462,0.596745027124774,0.7870602672484319,0.3342382925323144,H28,catboost,covbat,30,573,catboost_no_scaler
0.6080808080808081,0.45596868884540115,0.6793002915451894,0.5456674473067916,0.6811342775131691,0.23768886630238964,H29,catboost,covbat,30,990,catboost_no_scaler
0.8123370981754996,0.8416666666666667,0.8559322033898306,0.8487394957983193,0.893073038221678,0.6017932576706703,H3,catboost,covbat,30,1151,catboost_no_scaler
0.4204081632653061,0.9463220675944334,0.41069887834339946,0.5728038507821901,0.5306298533218292,0.0007379702160699742,H30,catboost,covbat,30,1225,catboost_no_scaler
0.7534791252485089,0.8412698412698413,0.7162162162162162,0.7737226277372263,0.8321419245332289,0.5147289128194735,H4,catboost,covbat,30,503,catboost_no_scaler
0.8075117370892019,0.6809815950920245,0.7872340425531915,0.7302631578947368,0.8712703745178548,0.5855395358330467,H5,catboost,covbat,30,426,catboost_no_scaler
0.7427589592538046,0.7013251783893986,0.7486398258977149,0.7242105263157895,0.8167857650358852,0.4845658292836732,H6,catboost,covbat,30,2037,catboost_no_scaler
0.6516129032258065,0.3858267716535433,0.9423076923076923,0.547486033519553,0.8873854677178777,0.42700319689719435,H7,catboost,covbat,30,930,catboost_no_scaler
0.7606060606060606,0.7045454545454546,0.6707882534775889,0.6872525732383215,0.8232674465012998,0.4939194738206152,H8,catboost,covbat,30,1650,catboost_no_scaler
0.6865979381443299,0.5589519650655022,0.7150837988826816,0.6274509803921569,0.7834921678168474,0.37216114932494415,H9,catboost,covbat,30,485,catboost_no_scaler
0.6628175519630485,0.49814126394052044,0.9241379310344827,0.6473429951690821,0.8456896551724137,0.44306117760569025,H1,logreg,raw,30,433,manual_logreg_no_scaler
0.6921163413700727,0.6010081426909655,0.7276995305164319,0.6583138670630707,0.7702611502347418,0.3885555434417548,H10,logreg,raw,30,10452,manual_logreg_no_scaler
0.7265193370165746,0.7613168724279835,0.8185840707964602,0.7889125799573561,0.7934994794377929,0.4042581942487014,H11,logreg,raw,30,362,manual_logreg_no_scaler
0.8048973143759873,0.9250780437044746,0.8355263157894737,0.8780246913580247,0.8357496463932108,0.4102537887675191,H12,logreg,raw,30,1266,manual_logreg_no_scaler
0.751219512195122,0.8083333333333333,0.776,0.7918367346938775,0.8300999999999998,0.48368707474410544,H13,logreg,raw,30,205,manual_logreg_no_scaler
0.7160454832596336,0.43345323741007197,0.6418109187749668,0.5174449812130971,0.7627389843218014,0.33945643302422357,H14,logreg,raw,30,3166,manual_logreg_no_scaler
0.7538361083904669,0.5278396436525612,0.5895522388059702,0.5569917743830788,0.755528741859538,0.38841165623227136,H15,logreg,raw,30,3063,manual_logreg_no_scaler
0.6495956873315364,0.3856589147286822,0.7316176470588235,0.5050761421319797,0.7473615288366635,0.3056425217252702,H16,logreg,raw,30,3339,manual_logreg_no_scaler
0.6704545454545454,0.6011964107676969,0.8317241379310345,0.6979166666666666,0.7809851069808518,0.378431183954858,H17,logreg,raw,30,1584,manual_logreg_no_scaler
0.7856821251688428,0.8450402144772118,0.893930799773114,0.8687982359426681,0.7612099265097455,0.2899537484788475,H18,logreg,raw,30,2221,manual_logreg_no_scaler
0.6893939393939394,0.8363636363636363,0.7150259067357513,0.770949720670391,0.7510034299058599,0.30659236948042284,H19,logreg,raw,30,264,manual_logreg_no_scaler
0.7650273224043715,0.6679174484052532,0.8146453089244852,0.734020618556701,0.8548347452199531,0.5355957149335427,H2,logreg,raw,30,1098,manual_logreg_no_scaler
0.6862123613312203,0.6785714285714286,0.6375838926174496,0.657439446366782,0.7481004494427315,0.36909206621525653,H20,logreg,raw,30,631,manual_logreg_no_scaler
0.7357142857142858,0.7866666666666666,0.7375,0.7612903225806451,0.7854166666666667,0.46719750028601853,H21,logreg,raw,30,140,manual_logreg_no_scaler
0.6470019342359767,0.7533068783068783,0.6120365394948952,0.6753631781796621,0.7027764872152037,0.30528417891374976,H22,logreg,raw,30,3102,manual_logreg_no_scaler
0.4006024096385542,0.9605263157894737,0.36019736842105265,0.5239234449760766,0.6787182800751881,0.1167457839910088,H23,logreg,raw,30,664,manual_logreg_no_scaler
0.6450456323337679,0.8688327316486161,0.6237580993520518,0.7261755091777722,0.7253273443303819,0.2886925252508128,H24,logreg,raw,30,3068,manual_logreg_no_scaler
0.5479271770125027,0.9361942405420667,0.4597892401552967,0.6167007625069741,0.7437141315715501,0.2846645793858275,H25,logreg,raw,30,4559,manual_logreg_no_scaler
0.6751918158567775,0.7352216748768473,0.6707865168539325,0.7015276145710928,0.7452138832394226,0.3486809306420068,H26,logreg,raw,30,1564,manual_logreg_no_scaler
0.6851173020527859,0.9422222222222222,0.6919624643002856,0.79792989884733,0.7251972597937628,0.20178569874213084,H27,logreg,raw,30,2728,manual_logreg_no_scaler
0.6003490401396161,0.45161290322580644,0.8704663212435233,0.5946902654867257,0.7731797109353694,0.33041406070873724,H28,logreg,raw,30,573,manual_logreg_no_scaler
0.604040404040404,0.44863731656184486,0.6239067055393586,0.5219512195121951,0.6556927915789854,0.20704809748661326,H29,logreg,raw,30,990,manual_logreg_no_scaler
0.790616854908775,0.7944514501891551,0.8898305084745762,0.8394403730846103,0.8760792490849496,0.5485483802639937,H3,logreg,raw,30,1151,manual_logreg_no_scaler
0.4048979591836735,0.9405737704918032,0.39603106125970666,0.5573770491803278,0.4785473370460428,-0.01999807214633882,H30,logreg,raw,30,1225,manual_logreg_no_scaler
0.7415506958250497,0.7643312101910829,0.8108108108108109,0.7868852459016393,0.8050006528267397,0.4606201677097868,H4,logreg,raw,30,503,manual_logreg_no_scaler
0.784037558685446,0.7425742574257426,0.5319148936170213,0.6198347107438017,0.861913649371656,0.4875954947796203,H5,logreg,raw,30,426,manual_logreg_no_scaler
0.7226313205694649,0.7353723404255319,0.6017410228509249,0.6618791143028127,0.788803650230378,0.4369405498132943,H6,logreg,raw,30,2037,manual_logreg_no_scaler
0.5086021505376344,0.3099236641221374,0.9759615384615384,0.4704519119351101,0.9005500213083315,0.3195107371445834,H7,logreg,raw,30,930,manual_logreg_no_scaler
0.7393939393939394,0.6588579795021962,0.6955177743431221,0.6766917293233082,0.8080025765054143,0.45915713331552427,H8,logreg,raw,30,1650,manual_logreg_no_scaler
0.7649484536082474,0.7070063694267515,0.6201117318435754,0.6607142857142857,0.8050900062073246,0.48450645330168274,H9,logreg,raw,30,485,manual_logreg_no_scaler
0.7090069284064665,0.5458937198067633,0.7793103448275862,0.6420454545454546,0.8215756704980842,0.4279211454524453,H1,logreg,sitewise,30,433,manual_logreg_no_scaler
0.6851320321469575,0.6028444067077053,0.6666666666666666,0.6331512651878275,0.7448930772403586,0.3599735236621916,H10,logreg,sitewise,30,10452,manual_logreg_no_scaler
0.7209944751381215,0.8787878787878788,0.6415929203539823,0.7416879795396419,0.8069039562727746,0.4808889844910297,H11,logreg,sitewise,30,362,manual_logreg_no_scaler
0.7748815165876777,0.9351955307262569,0.7866541353383458,0.8545176110260337,0.8315761557358744,0.40188853973511957,H12,logreg,sitewise,30,1266,manual_logreg_no_scaler
0.7121951219512195,0.7704918032786885,0.752,0.7611336032388664,0.794,0.3994910845122576,H13,logreg,sitewise,30,205,manual_logreg_no_scaler
0.7353126974099811,0.4646053702196908,0.7603195739014648,0.5767676767676768,0.826104600353428,0.425823143805147,H14,logreg,sitewise,30,3166,manual_logreg_no_scaler
0.7283708782239634,0.48597194388777554,0.6032338308457711,0.5382907880133185,0.7527857062628425,0.3531123429859356,H15,logreg,sitewise,30,3063,manual_logreg_no_scaler
0.7067984426474992,0.43110735418427726,0.625,0.5102551275637819,0.7398793841753903,0.3218682050384906,H16,logreg,sitewise,30,3339,manual_logreg_no_scaler
0.7064393939393939,0.6413043478260869,0.8137931034482758,0.7173252279635258,0.8029545180843805,0.43378811475532764,H17,logreg,sitewise,30,1584,manual_logreg_no_scaler
0.6618640252138677,0.9140752864157119,0.6335791264889393,0.7484087102177555,0.7652646466547939,0.32882692202328395,H18,logreg,sitewise,30,2221,manual_logreg_no_scaler
0.7121212121212122,0.8461538461538461,0.7409326424870466,0.7900552486187845,0.7573524045829381,0.3462003193238724,H19,logreg,sitewise,30,264,manual_logreg_no_scaler
0.7868852459016393,0.7127882599580713,0.7780320366132724,0.7439824945295405,0.8669687769380696,0.5636348450805567,H2,logreg,sitewise,30,1098,manual_logreg_no_scaler
0.6957210776545166,0.6778523489932886,0.6778523489932886,0.6778523489932886,0.7518693189834131,0.3895640607050003,H20,logreg,sitewise,30,631,manual_logreg_no_scaler
0.7071428571428572,0.8823529411764706,0.5625,0.6870229007633588,0.7954166666666667,0.47561140947438124,H21,logreg,sitewise,30,140,manual_logreg_no_scaler
0.6511927788523533,0.7255356108859293,0.6732939279957012,0.6984392419175028,0.7049011886117391,0.28732106703572224,H22,logreg,sitewise,30,3102,manual_logreg_no_scaler
0.6792168674698795,0.9398663697104677,0.694078947368421,0.7984862819299905,0.6597744360902256,0.1258659682137969,H23,logreg,sitewise,30,664,manual_logreg_no_scaler
0.6382007822685789,0.8840025493945188,0.5991360691144708,0.7142121524201854,0.7325066903014292,0.3077224873671485,H24,logreg,sitewise,30,3068,manual_logreg_no_scaler
0.6679096293046721,0.8950151057401813,0.6572379367720466,0.7579149344419571,0.7524700874548017,0.3012243607289653,H25,logreg,sitewise,30,4559,manual_logreg_no_scaler
0.6809462915601023,0.8088467614533965,0.5752808988764045,0.6723571897570584,0.7439435868369286,0.39927802509145915,H26,logreg,sitewise,30,1564,manual_logreg_no_scaler
0.533724340175953,0.9559164733178654,0.5042839657282742,0.6602564102564102,0.7000708470866529,0.18056850397941399,H27,logreg,sitewise,30,2728,manual_logreg_no_scaler
0.6771378708551483,0.5153846153846153,0.694300518134715,0.5916114790286976,0.7560267248431962,0.344338032431901,H28,logreg,sitewise,30,573,manual_logreg_no_scaler
0.6303030303030303,0.4720194647201946,0.565597667638484,0.5145888594164456,0.6416923139315341,0.22230590922127394,H29,logreg,sitewise,30,990,manual_logreg_no_scaler
0.7654213727193745,0.8390092879256966,0.7655367231638418,0.8005908419497785,0.8594776243129153,0.520434375635983,H3,logreg,sitewise,30,1151,manual_logreg_no_scaler
0.3820408163265306,0.9631336405529954,0.36065573770491804,0.5247959824231011,0.56996627186446,0.05581022346159658,H30,logreg,sitewise,30,1225,manual_logreg_no_scaler
0.7157057654075547,0.8430493273542601,0.6351351351351351,0.7244701348747592,0.80382556469513,0.46167344792658255,H4,logreg,sitewise,30,503,manual_logreg_no_scaler
0.744131455399061,0.5898876404494382,0.7446808510638298,0.658307210031348,0.8337439343038447,0.46611890493430147,H5,logreg,sitewise,30,426,manual_logreg_no_scaler
0.7265586647029946,0.679920477137177,0.7442872687704026,0.7106493506493506,0.815134090294148,0.4541246374246138,H6,logreg,sitewise,30,2037,manual_logreg_no_scaler
0.7526881720430108,0.4678362573099415,0.7692307692307693,0.5818181818181818,0.8311714255273812,0.4469076330239487,H7,logreg,sitewise,30,930,manual_logreg_no_scaler
0.7606060606060606,0.6820809248554913,0.7295208655332303,0.7050037341299478,0.8288996996645304,0.5047650665165695,H8,logreg,sitewise,30,1650,manual_logreg_no_scaler
0.7257731958762886,0.6455696202531646,0.5698324022346368,0.6053412462908012,0.7711140322050608,0.3982908374529805,H9,logreg,sitewise,30,485,manual_logreg_no_scaler
0.745958429561201,0.5906735751295337,0.7862068965517242,0.6745562130177515,0.8551005747126437,0.4860514430810155,H1,logreg,combat,30,433,manual_logreg_no_scaler
0.6909682357443552,0.5988863287250384,0.7321596244131455,0.6588508660752007,0.7649224047991654,0.38798799967158754,H10,logreg,combat,30,10452,manual_logreg_no_scaler
0.7237569060773481,0.8539325842696629,0.672566371681416,0.7524752475247525,0.8195275897969807,0.4663389990763798,H11,logreg,combat,30,362,manual_logreg_no_scaler
0.6903633491311216,0.9468085106382979,0.6691729323308271,0.7841409691629956,0.8025478299709671,0.3513323170012943,H12,logreg,combat,30,1266,manual_logreg_no_scaler
0.7317073170731707,0.8070175438596491,0.736,0.7698744769874477,0.8250000000000001,0.4526138128067614,H13,logreg,combat,30,205,manual_logreg_no_scaler
0.6348704990524321,0.3768996960486322,0.8255659121171771,0.5175292153589316,0.802980704815939,0.3415244710643565,H14,logreg,combat,30,3166,manual_logreg_no_scaler
0.733268037871368,0.4936831875607386,0.6318407960199005,0.5542825968357883,0.7592165885931124,0.3737423535542847,H15,logreg,combat,30,3063,manual_logreg_no_scaler
0.6939203354297694,0.4217325227963526,0.6801470588235294,0.5206378986866792,0.7568706138817002,0.3328656307056813,H16,logreg,combat,30,3339,manual_logreg_no_scaler
0.6919191919191919,0.6264674493062967,0.8096551724137931,0.7063778580024067,0.7832523784673437,0.40765308674433753,H17,logreg,combat,30,1584,manual_logreg_no_scaler
0.6407023863124719,0.9155900086132644,0.6029495178672717,0.7270861833105335,0.768272867556542,0.31507383898568697,H18,logreg,combat,30,2221,manual_logreg_no_scaler
0.7272727272727273,0.8954248366013072,0.7098445595854922,0.791907514450867,0.7701233306575203,0.43519874568319844,H19,logreg,combat,30,264,manual_logreg_no_scaler
0.7978142076502732,0.7292110874200426,0.782608695652174,0.7549668874172185,0.8665983514334082,0.5842942787364598,H2,logreg,combat,30,1098,manual_logreg_no_scaler
0.6497622820919176,0.6360424028268551,0.6040268456375839,0.6196213425129088,0.7078420702581776,0.2958376112683102,H20,logreg,combat,30,631,manual_logreg_no_scaler
0.6857142857142857,0.78125,0.625,0.6944444444444444,0.7645833333333334,0.3890813798878566,H21,logreg,combat,30,140,manual_logreg_no_scaler
0.6882656350741457,0.7670250896057348,0.6899516389038152,0.7264497878359264,0.7399148127669137,0.3692713936112902,H22,logreg,combat,30,3102,manual_logreg_no_scaler
0.6310240963855421,0.9641943734015346,0.6200657894736842,0.7547547547547547,0.7364602913533835,0.20900421265085958,H23,logreg,combat,30,664,manual_logreg_no_scaler
0.5870273794002607,0.9062015503875969,0.5049676025917926,0.6485436893203883,0.7481939771511505,0.3001375285083086,H24,logreg,combat,30,3068,manual_logreg_no_scaler
0.6266725159026102,0.9016877637130801,0.5926234054353855,0.715194109772423,0.7334752793379811,0.28333916376408713,H25,logreg,combat,30,4559,manual_logreg_no_scaler
0.6790281329923273,0.7921686746987951,0.5910112359550562,0.676962676962677,0.7562164505051179,0.3869931566262136,H26,logreg,combat,30,1564,manual_logreg_no_scaler
0.6447947214076246,0.948547215496368,0.6393308853529172,0.7638313429198148,0.7214428060748799,0.2054731317650551,H27,logreg,combat,30,2728,manual_logreg_no_scaler
0.6858638743455497,0.5231316725978647,0.7616580310880829,0.620253164556962,0.7747750204526861,0.38670275157770684,H28,logreg,combat,30,573,manual_logreg_no_scaler
0.6474747474747474,0.49162011173184356,0.5131195335276968,0.5021398002853067,0.6502133642151937,0.2295896788591452,H29,logreg,combat,30,990,manual_logreg_no_scaler
0.8001737619461338,0.8588588588588588,0.807909604519774,0.8326055312954876,0.8813495555470532,0.5870197057003287,H3,logreg,combat,30,1151,manual_logreg_no_scaler
0.3069387755102041,0.9585798816568047,0.27955133735979293,0.43286573146292584,0.4963526551102047,0.034060223386972024,H30,logreg,combat,30,1225,manual_logreg_no_scaler
0.731610337972167,0.8181818181818182,0.6993243243243243,0.7540983606557377,0.8174043608826218,0.4695827051839931,H4,logreg,combat,30,503,manual_logreg_no_scaler
0.7887323943661971,0.6526946107784432,0.7730496453900709,0.7077922077922078,0.8461366181410974,0.5489701944184268,H5,logreg,combat,30,426,manual_logreg_no_scaler
0.7142857142857143,0.6398340248962655,0.8389553862894451,0.7259887005649718,0.8212599835319171,0.4563215147184353,H6,logreg,combat,30,2037,manual_logreg_no_scaler
0.7279569892473118,0.44552058111380144,0.8846153846153846,0.5925925925925926,0.8695963402940549,0.47588342775488807,H7,logreg,combat,30,930,manual_logreg_no_scaler
0.7739393939393939,0.7026627218934911,0.7341576506955177,0.7180650037792895,0.8446237793574454,0.5299011560682948,H8,logreg,combat,30,1650,manual_logreg_no_scaler
0.734020618556701,0.6420454545454546,0.6312849162011173,0.6366197183098592,0.7781794281958593,0.42692516753909643,H9,logreg,combat,30,485,manual_logreg_no_scaler
0.7367205542725174,0.5794871794871795,0.7793103448275862,0.6647058823529411,0.8532088122605364,0.46915693834891814,H1,logreg,neurocombat,30,433,manual_logreg_no_scaler
0.6898201301186376,0.5973976272483735,0.7328638497652582,0.6582331857474173,0.7685855821838872,0.3862970524990681,H10,logreg,neurocombat,30,10452,manual_logreg_no_scaler
0.7182320441988951,0.848314606741573,0.668141592920354,0.7475247524752475,0.8218050494534097,0.4549295155899207,H11,logreg,neurocombat,30,362,manual_logreg_no_scaler
0.6737756714060031,0.950207468879668,0.6456766917293233,0.7688864017907107,0.7962433931363061,0.34587632838171795,H12,logreg,neurocombat,30,1266,manual_logreg_no_scaler
0.7414634146341463,0.8157894736842105,0.744,0.7782426778242678,0.8306,0.47274089125044605,H13,logreg,neurocombat,30,205,manual_logreg_no_scaler
0.6468730259001895,0.38735420503376305,0.8402130492676432,0.5302521008403361,0.8149128973652796,0.36338820365492674,H14,logreg,neurocombat,30,3166,manual_logreg_no_scaler
0.7309826967025792,0.49034749034749037,0.6318407960199005,0.5521739130434783,0.7523680843238434,0.3702383867816127,H15,logreg,neurocombat,30,3063,manual_logreg_no_scaler
0.6984126984126984,0.42625482625482625,0.6764705882352942,0.5229748934154429,0.7591962766081463,0.3368750820260426,H16,logreg,neurocombat,30,3339,manual_logreg_no_scaler
0.6957070707070707,0.6319218241042345,0.8027586206896552,0.707168894289186,0.7914383204206976,0.4121546115906459,H17,logreg,neurocombat,30,1584,manual_logreg_no_scaler
0.6578117964880684,0.908720456397718,0.6324446965399887,0.745819397993311,0.7676858372117792,0.31562165817539545,H18,logreg,neurocombat,30,2221,manual_logreg_no_scaler
0.7196969696969697,0.8789808917197452,0.7150259067357513,0.7885714285714286,0.7745019338830913,0.4040934139438534,H19,logreg,neurocombat,30,264,manual_logreg_no_scaler
0.7941712204007286,0.7268817204301076,0.7734553775743707,0.7494456762749445,0.8657397951235387,0.5758774322976591,H2,logreg,neurocombat,30,1098,manual_logreg_no_scaler
0.6497622820919176,0.64,0.5906040268456376,0.6143106457242583,0.6953564302557591,0.2952982888014945,H20,logreg,neurocombat,30,631,manual_logreg_no_scaler
0.7071428571428572,0.782608695652174,0.675,0.7248322147651006,0.7581249999999999,0.42068383952235733,H21,logreg,neurocombat,30,140,manual_logreg_no_scaler
0.6747259832366216,0.7682619647355163,0.6555615260612574,0.7074514351986083,0.7318948985083791,0.35188225318595195,H22,logreg,neurocombat,30,3102,manual_logreg_no_scaler
0.6506024096385542,0.9585365853658536,0.6463815789473685,0.7721021611001965,0.7365777725563909,0.1960156238307285,H23,logreg,neurocombat,30,664,manual_logreg_no_scaler
0.5902868318122555,0.914576802507837,0.5041036717062635,0.6499582289055973,0.7471998256075769,0.31375851176795577,H24,logreg,neurocombat,30,3068,manual_logreg_no_scaler
0.6253564378153104,0.9115351257588898,0.5829173599556295,0.7110960757780784,0.7390451614104743,0.2999898111594893,H25,logreg,neurocombat,30,4559,manual_logreg_no_scaler
0.680306905370844,0.8135048231511254,0.5685393258426966,0.6693121693121693,0.7640232720968226,0.40111930126976475,H26,logreg,neurocombat,30,1564,manual_logreg_no_scaler
0.6477272727272727,0.9477163461538461,0.6434108527131783,0.7664641555285541,0.7229672704134612,0.203937572515541,H27,logreg,neurocombat,30,2728,manual_logreg_no_scaler
0.6841186736474695,0.5211267605633803,0.7668393782383419,0.6205450733752621,0.7710526315789474,0.38656887480125024,H28,logreg,neurocombat,30,573,manual_logreg_no_scaler
0.6101010101010101,0.44415584415584414,0.49854227405247814,0.4697802197802198,0.6157596622221422,0.16377367924449288,H29,logreg,neurocombat,30,990,manual_logreg_no_scaler
0.8010425716768028,0.8579970104633782,0.8107344632768362,0.8336964415395788,0.8812315874048284,0.5880816483512296,H3,logreg,neurocombat,30,1151,manual_logreg_no_scaler
0.31510204081632653,0.9571428571428572,0.28904227782571185,0.4440026507620941,0.5052814599837896,0.030870955975114796,H30,logreg,neurocombat,30,1225,manual_logreg_no_scaler
0.7335984095427436,0.81640625,0.706081081081081,0.7572463768115942,0.8193138790964878,0.47154529389310434,H4,logreg,neurocombat,30,503,manual_logreg_no_scaler
0.7699530516431925,0.6303030303030303,0.7375886524822695,0.6797385620915033,0.8434241632449919,0.5057441658049535,H5,logreg,neurocombat,30,426,manual_logreg_no_scaler
0.7196858124693176,0.6459731543624161,0.8378672470076169,0.7295120795831359,0.814929699194699,0.46500172344488555,H6,logreg,neurocombat,30,2037,manual_logreg_no_scaler
0.7204301075268817,0.4380952380952381,0.8846153846153846,0.5859872611464968,0.8725395535904539,0.46701052586089886,H7,logreg,neurocombat,30,930,manual_logreg_no_scaler
0.769090909090909,0.7033639143730887,0.7109737248840804,0.7071483474250576,0.835775517342871,0.5165825355274615,H8,logreg,neurocombat,30,1650,manual_logreg_no_scaler
0.7484536082474227,0.6524064171122995,0.6815642458100558,0.6666666666666666,0.8014751524445907,0.4651213344996394,H9,logreg,neurocombat,30,485,manual_logreg_no_scaler
0.7367205542725174,0.5727699530516432,0.8413793103448276,0.6815642458100558,0.860272988505747,0.4959924095667229,H1,logreg,covbat,30,433,manual_logreg_no_scaler
0.6873325679295829,0.597331240188383,0.7145539906103286,0.6507054296707995,0.765514490907547,0.3766724914479969,H10,logreg,covbat,30,10452,manual_logreg_no_scaler
0.7403314917127072,0.8586956521739131,0.6991150442477876,0.7707317073170732,0.8325416449765748,0.49205761378618823,H11,logreg,covbat,30,362,manual_logreg_no_scaler
0.7496050552922591,0.9473053892215569,0.743421052631579,0.833070036861506,0.8261185141070497,0.40618078970089516,H12,logreg,covbat,30,1266,manual_logreg_no_scaler
0.7365853658536585,0.7933884297520661,0.768,0.7804878048780488,0.8174,0.4518102227386115,H13,logreg,covbat,30,205,manual_logreg_no_scaler
0.6339229311433986,0.37857142857142856,0.8468708388814914,0.523241464417935,0.8199314647412835,0.35335821533387657,H14,logreg,covbat,30,3166,manual_logreg_no_scaler
0.7081292850146915,0.4626865671641791,0.6940298507462687,0.5552238805970149,0.7720692685311821,0.3666823878303593,H15,logreg,covbat,30,3063,manual_logreg_no_scaler
0.6906259359089548,0.4195700518902891,0.6936274509803921,0.5228637413394919,0.7711752854134122,0.33565283678998814,H16,logreg,covbat,30,3339,manual_logreg_no_scaler
0.7178030303030303,0.6575963718820862,0.8,0.7218419415059116,0.8055493557063144,0.44973413422169867,H17,logreg,covbat,30,1584,manual_logreg_no_scaler
0.689779378658262,0.9156346749226006,0.6710153148043109,0.774468085106383,0.780512574090908,0.35516633791175867,H18,logreg,covbat,30,2221,manual_logreg_no_scaler
0.7083333333333334,0.8258426966292135,0.7616580310880829,0.7924528301886793,0.7669853316791944,0.3075269330463219,H19,logreg,covbat,30,264,manual_logreg_no_scaler
0.8032786885245902,0.7287784679089027,0.8054919908466819,0.7652173913043478,0.8779326794919285,0.5988787643581167,H2,logreg,covbat,30,1098,manual_logreg_no_scaler
0.6608557844690967,0.647887323943662,0.6174496644295302,0.6323024054982818,0.724640748130681,0.31825130001460283,H20,logreg,covbat,30,631,manual_logreg_no_scaler
0.7214285714285714,0.8059701492537313,0.675,0.7346938775510204,0.7539583333333333,0.45404953027418365,H21,logreg,covbat,30,140,manual_logreg_no_scaler
0.6824629271437782,0.7517241379310344,0.7028479312197743,0.726464870869203,0.7384240145382054,0.35019341670448034,H22,logreg,covbat,30,3102,manual_logreg_no_scaler
0.6355421686746988,0.9552238805970149,0.631578947368421,0.7603960396039604,0.728001644736842,0.1763414643409858,H23,logreg,covbat,30,664,manual_logreg_no_scaler
0.6316818774445893,0.8885245901639345,0.5853131749460043,0.7057291666666666,0.7388720137448765,0.30946665865435796,H24,logreg,covbat,30,3068,manual_logreg_no_scaler
0.6407106821671419,0.9134453781512605,0.6028840820854132,0.7263615101904444,0.7447867288924428,0.3148067246181028,H25,logreg,covbat,30,4559,manual_logreg_no_scaler
0.6739130434782609,0.786144578313253,0.5865168539325842,0.6718146718146718,0.7514453372453572,0.37654435475894504,H26,logreg,covbat,30,1564,manual_logreg_no_scaler
0.6345307917888563,0.9572327044025157,0.6209710322317421,0.7532788913635239,0.7609728291848755,0.23000268094117426,H27,logreg,covbat,30,2728,manual_logreg_no_scaler
0.6474694589877836,0.4857142857142857,0.7927461139896373,0.6023622047244095,0.7700709026452142,0.3480941543757822,H28,logreg,covbat,30,573,manual_logreg_no_scaler
0.6181818181818182,0.456575682382134,0.5364431486880467,0.4932975871313673,0.6396420347781417,0.19173452203013502,H29,logreg,covbat,30,990,manual_logreg_no_scaler
0.8062554300608167,0.863568215892054,0.8135593220338984,0.8378181818181818,0.8840564461618906,0.5994289151821399,H3,logreg,covbat,30,1151,manual_logreg_no_scaler
0.3355102040816327,0.9624664879356568,0.3097497842968076,0.46866840731070497,0.5477423065861375,0.047897893083754625,H30,logreg,covbat,30,1225,manual_logreg_no_scaler
0.7216699801192843,0.8070866141732284,0.6925675675675675,0.7454545454545455,0.8059798929364147,0.44868228682111927,H4,logreg,covbat,30,503,manual_logreg_no_scaler
0.7769953051643192,0.632183908045977,0.7801418439716312,0.6984126984126984,0.845464725643897,0.5318682178619378,H5,logreg,covbat,30,426,manual_logreg_no_scaler
0.718213058419244,0.6511831726555652,0.808487486398259,0.7213592233009709,0.8200803549008118,0.4536232142375592,H6,logreg,covbat,30,2037,manual_logreg_no_scaler
0.7322580645161291,0.44938271604938274,0.875,0.5938009787928222,0.8708049222245898,0.47578820453127196,H7,logreg,covbat,30,930,manual_logreg_no_scaler
0.7533333333333333,0.655440414507772,0.7820710973724884,0.7131782945736435,0.841205903156065,0.5057376200692799,H8,logreg,covbat,30,1650,manual_logreg_no_scaler
0.7505154639175258,0.6647727272727273,0.6536312849162011,0.6591549295774648,0.8192573118632928,0.46247020101516384,H9,logreg,covbat,30,485,manual_logreg_no_scaler
