hospital,auc,mcc,fit_secs,condition,group,seed,n_features,model,task
H1,0.7514001026225651,0.354502577990933,132.65,full_coh,coh,42,2394,catboost,patho
H2,0.7396779032130734,0.35169847856662767,43.32,full_coh,coh,42,2394,catboost,patho
H3,0.7126260795757283,0.23101403906848417,57.12,full_coh,coh,42,2394,catboost,patho
H4,0.7191918408456816,0.30950527464104655,50.99,full_coh,coh,42,2394,catboost,patho
H5,0.6973501252684323,0.29810298114784545,52.33,full_coh,coh,42,2394,catboost,patho
H6,0.6925083984511929,0.2645637487251715,50.77,full_coh,coh,42,2394,catboost,patho
H7,0.8151042053112802,0.47728970322247216,48.15,full_coh,coh,42,2394,catboost,patho
H8,0.7117027381537957,0.10523687565588988,49.46,full_coh,coh,42,2394,catboost,patho
H9,0.7183215374728825,0.2789593782340885,54.4,full_coh,coh,42,2394,catboost,patho
H10,0.7462691866670287,0.33461167887808346,64.26,full_coh,coh,42,2394,catboost,patho
H11,0.7660988212621078,0.4088768647855633,71.47,full_coh,coh,42,2394,catboost,patho
H12,0.7631079917196779,0.3651285830763495,51.31,full_coh,coh,42,2394,catboost,patho
H13,0.7713017662154683,0.36802836179820375,50.76,full_coh,coh,42,2394,catboost,patho
H14,0.8009371020797962,0.3994337962421929,55.31,full_coh,coh,42,2394,catboost,patho
H15,0.6421855400605045,0.18278861989402415,50.64,full_coh,coh,42,2394,catboost,patho
H16,0.7968527715268617,0.42093883052174114,43.7,full_coh,coh,42,2394,catboost,patho
H17,0.810909320123398,0.46222598604938975,66.73,full_coh,coh,42,2394,catboost,patho
H18,0.7640757566164367,0.4289446234254537,63.21,full_coh,coh,42,2394,catboost,patho
H19,0.8083352673516608,0.35213554918919443,46.05,full_coh,coh,42,2394,catboost,patho
H20,0.6793975255513717,0.16659405513299846,58.11,full_coh,coh,42,2394,catboost,patho
H21,0.7201166501595686,0.3448445785286378,55.08,full_coh,coh,42,2394,catboost,patho
H22,0.8254484645788995,0.4531714656529891,52.47,full_coh,coh,42,2394,catboost,patho
H23,0.7407800214944283,0.36270914695378514,43.21,full_coh,coh,42,2394,catboost,patho
H24,0.7996363636363636,0.38376645040070795,43.06,full_coh,coh,42,2394,catboost,patho
H25,0.8128950695322376,0.40631969413417457,38.68,full_coh,coh,42,2394,catboost,patho
H26,0.8462535043751593,0.4670017401953251,41.06,full_coh,coh,42,2394,catboost,patho
H27,0.8040765042579925,0.4642163441483325,47.28,full_coh,coh,42,2394,catboost,patho
H28,0.7151927437641724,0.31408132381178366,57.23,full_coh,coh,42,2394,catboost,patho
H29,0.760660046728972,0.3799553103258393,49.35,full_coh,coh,42,2394,catboost,patho
H30,0.723030303030303,0.3407375211494024,53.7,full_coh,coh,42,2394,catboost,patho
H1,0.7707258491911889,0.3915536344699701,42.83,full_pow,pow,42,266,catboost,patho
H2,0.7617858263836688,0.39923234349487824,24.47,full_pow,pow,42,266,catboost,patho
H3,0.7552499597288824,0.288461294315516,21.49,full_pow,pow,42,266,catboost,patho
H4,0.7111225019727923,0.24612851338473296,11.94,full_pow,pow,42,266,catboost,patho
H5,0.729899785254116,0.3219188120750735,9.48,full_pow,pow,42,266,catboost,patho
H6,0.7112379605081894,0.2898839190155782,8.64,full_pow,pow,42,266,catboost,patho
H7,0.8100985132909206,0.4566473403502293,8.47,full_pow,pow,42,266,catboost,patho
H8,0.7325360714871291,0.11947991589023314,9.48,full_pow,pow,42,266,catboost,patho
H9,0.7210936725020594,0.29082047667460986,21.61,full_pow,pow,42,266,catboost,patho
H10,0.7734265836506307,0.3974595035835515,13.22,full_pow,pow,42,266,catboost,patho
H11,0.802798111213943,0.40699398157371447,19.45,full_pow,pow,42,266,catboost,patho
H12,0.7834386002024749,0.4130594645721142,16.4,full_pow,pow,42,266,catboost,patho
H13,0.7881467317465909,0.4116423702291081,19.24,full_pow,pow,42,266,catboost,patho
H14,0.7990138210950765,0.3660324313006401,16.3,full_pow,pow,42,266,catboost,patho
H15,0.6341586819719824,0.1795263773831717,16.83,full_pow,pow,42,266,catboost,patho
H16,0.8284349861617651,0.4870499914794565,15.11,full_pow,pow,42,266,catboost,patho
H17,0.8132193284290461,0.43588111980938654,22.17,full_pow,pow,42,266,catboost,patho
H18,0.7436209953146764,0.4309101728131904,19.54,full_pow,pow,42,266,catboost,patho
H19,0.8359671146556394,0.4181685684702584,22.11,full_pow,pow,42,266,catboost,patho
H20,0.6546213967028447,0.14523162837210168,21.22,full_pow,pow,42,266,catboost,patho
H21,0.7655331792670849,0.4162866069368312,16.97,full_pow,pow,42,266,catboost,patho
H22,0.8199452721191851,0.47676318688241537,14.97,full_pow,pow,42,266,catboost,patho
H23,0.7413315232762033,0.3950860010460118,14.46,full_pow,pow,42,266,catboost,patho
H24,0.8188398268398269,0.44207798000784293,13.82,full_pow,pow,42,266,catboost,patho
H25,0.8135018963337547,0.43251910789111486,11.73,full_pow,pow,42,266,catboost,patho
H26,0.834232435646929,0.43325217490142914,12.77,full_pow,pow,42,266,catboost,patho
H27,0.8585229652380287,0.49614907640780387,11.24,full_pow,pow,42,266,catboost,patho
H28,0.6576971529352481,0.18028068284313706,20.3,full_pow,pow,42,266,catboost,patho
H29,0.8235981308411214,0.5007149885783173,18.75,full_pow,pow,42,266,catboost,patho
H30,0.7437878787878787,0.31116540973087975,23.84,full_pow,pow,42,266,catboost,patho
H1,0.7626688610054272,0.3653918083999196,41.48,full_cov,cov,42,190,catboost,patho
H2,0.7308945721870782,0.3294091996773407,19.93,full_cov,cov,42,190,catboost,patho
H3,0.6954914935008611,0.1963655215418866,17.01,full_cov,cov,42,190,catboost,patho
H4,0.8018057513359906,0.37634453137174695,15.58,full_cov,cov,42,190,catboost,patho
H5,0.7500738188976378,0.3538927329158263,16.24,full_cov,cov,42,190,catboost,patho
H6,0.7036846013733137,0.26228928765267007,17.65,full_cov,cov,42,190,catboost,patho
H7,0.8052173673398868,0.44838441656789224,17.88,full_cov,cov,42,190,catboost,patho
H8,0.6699540908345629,0.12497994835151804,18.61,full_cov,cov,42,190,catboost,patho
H9,0.7140053739093681,0.272082651591534,16.53,full_cov,cov,42,190,catboost,patho
H10,0.757314900487277,0.35755966249730103,15.5,full_cov,cov,42,190,catboost,patho
H11,0.8379300197752302,0.4456060583418173,20.82,full_cov,cov,42,190,catboost,patho
H12,0.7698470860216678,0.3967598197533223,20.25,full_cov,cov,42,190,catboost,patho
H13,0.7780345191969003,0.3891317632644966,13.04,full_cov,cov,42,190,catboost,patho
H14,0.7923552896859084,0.3748055638141035,16.63,full_cov,cov,42,190,catboost,patho
H15,0.6434293604865657,0.20372474519860978,7.93,full_cov,cov,42,190,catboost,patho
H16,0.8370450841933733,0.4857822533464513,7.47,full_cov,cov,42,190,catboost,patho
H17,0.8148545028476507,0.4386295358806877,6.15,full_cov,cov,42,190,catboost,patho
H18,0.7569488413321515,0.3973517938686645,8.49,full_cov,cov,42,190,catboost,patho
H19,0.7881019192494603,0.3239244108750473,6.42,full_cov,cov,42,190,catboost,patho
H20,0.7112826841333628,0.24761487092095658,6.28,full_cov,cov,42,190,catboost,patho
H21,0.7316606140640476,0.3450009563866811,14.9,full_cov,cov,42,190,catboost,patho
H22,0.7449376710246275,0.31203156585291675,20.36,full_cov,cov,42,190,catboost,patho
H23,0.7012274449912327,0.2651497281166113,15.63,full_cov,cov,42,190,catboost,patho
H24,0.827948051948052,0.41544403962295046,16.19,full_cov,cov,42,190,catboost,patho
H25,0.7882427307206068,0.3930918662369473,20.42,full_cov,cov,42,190,catboost,patho
H26,0.830579390026336,0.4517241713674972,14.4,full_cov,cov,42,190,catboost,patho
H27,0.818232584112802,0.4684801306807441,23.55,full_cov,cov,42,190,catboost,patho
H28,0.710607205845301,0.29262342587579177,19.16,full_cov,cov,42,190,catboost,patho
H29,0.825642523364486,0.5616339820121098,16.23,full_cov,cov,42,190,catboost,patho
H30,0.7760606060606061,0.4121647748173438,13.53,full_cov,cov,42,190,catboost,patho
H1,0.8026657844357181,0.4302592045282104,50.72,no_coh,coh,42,456,catboost,patho
H2,0.7945525079622238,0.4282197029003764,26.59,no_coh,coh,42,456,catboost,patho
H3,0.782230059601254,0.29935998641730227,17.45,no_coh,coh,42,456,catboost,patho
H4,0.8043355343175936,0.410389347809943,10.3,no_coh,coh,42,456,catboost,patho
H5,0.7809779885468862,0.38434641005954123,18.01,no_coh,coh,42,456,catboost,patho
H6,0.7450465548599826,0.3367622289936385,20.79,no_coh,coh,42,456,catboost,patho
H7,0.8348916608191846,0.5127304288506924,17.59,no_coh,coh,42,456,catboost,patho
H8,0.7630759140842761,0.15429841188127713,19.99,no_coh,coh,42,456,catboost,patho
H9,0.7553480317949117,0.3214130848641759,17.22,no_coh,coh,42,456,catboost,patho
H10,0.8038255326525796,0.41815968405560694,21.13,no_coh,coh,42,456,catboost,patho
H11,0.8599297727754391,0.4917392710099581,19.15,no_coh,coh,42,456,catboost,patho
H12,0.8121269699762772,0.46387275007423395,19.66,no_coh,coh,42,456,catboost,patho
H13,0.8037176068032004,0.45455536034781635,19.41,no_coh,coh,42,456,catboost,patho
H14,0.8204915640916809,0.4137884709051341,20.18,no_coh,coh,42,456,catboost,patho
H15,0.6626268854947349,0.248628058956207,18.94,no_coh,coh,42,456,catboost,patho
H16,0.8634573601303639,0.5233790270706171,23.13,no_coh,coh,42,456,catboost,patho
H17,0.8636131051257713,0.525519278219929,22.83,no_coh,coh,42,456,catboost,patho
H18,0.7829238951500571,0.43783260321493445,21.78,no_coh,coh,42,456,catboost,patho
H19,0.8415089562630546,0.3394404899700652,19.82,no_coh,coh,42,456,catboost,patho
H20,0.7053022392388909,0.19981298702217012,20.35,no_coh,coh,42,456,catboost,patho
H21,0.7836029492681853,0.3997021452027855,31.97,no_coh,coh,42,456,catboost,patho
H22,0.8252204317421707,0.45030255520134016,7.4,no_coh,coh,42,456,catboost,patho
H23,0.7451071893206629,0.34426438146954014,16.77,no_coh,coh,42,456,catboost,patho
H24,0.8611082251082252,0.5266137044399026,11.8,no_coh,coh,42,456,catboost,patho
H25,0.86,0.47697575421088456,11.97,no_coh,coh,42,456,catboost,patho
H26,0.8685328349333106,0.5105667660110863,9.91,no_coh,coh,42,456,catboost,patho
H27,0.8644701940527711,0.5090076944145961,10.73,no_coh,coh,42,456,catboost,patho
H28,0.7159989921894684,0.2626492544999753,18.61,no_coh,coh,42,456,catboost,patho
H29,0.825642523364486,0.509132226742969,17.67,no_coh,coh,42,456,catboost,patho
H30,0.7559090909090909,0.3867341520940934,17.92,no_coh,coh,42,456,catboost,patho
H1,0.7865623442618287,0.4094390830130443,127.61,no_pow,pow,42,2584,catboost,patho
H2,0.7661375425284385,0.3913473045557692,55.29,no_pow,pow,42,2584,catboost,patho
H3,0.7494865432511804,0.2502228328933435,49.76,no_pow,pow,42,2584,catboost,patho
H4,0.8087464956238857,0.4075639616544304,54.52,no_pow,pow,42,2584,catboost,patho
H5,0.7748438618468145,0.3974980168293724,59.64,no_pow,pow,42,2584,catboost,patho
H6,0.7181576680549843,0.30341806564680196,51.19,no_pow,pow,42,2584,catboost,patho
H7,0.8432977255237823,0.5257183313970313,53.46,no_pow,pow,42,2584,catboost,patho
H8,0.7466838826037054,0.15283024171704007,52.84,no_pow,pow,42,2584,catboost,patho
H9,0.7554957496086018,0.3366526542664755,53.08,no_pow,pow,42,2584,catboost,patho
H10,0.7867280166589039,0.40766203796224654,71.73,no_pow,pow,42,2584,catboost,patho
H11,0.8453003715669698,0.4890422712836675,66.31,no_pow,pow,42,2584,catboost,patho
H12,0.7983635786706154,0.4318336178051391,50.17,no_pow,pow,42,2584,catboost,patho
H13,0.798890957580637,0.4082316999313911,55.8,no_pow,pow,42,2584,catboost,patho
H14,0.8284532841680815,0.44991758278657973,55.86,no_pow,pow,42,2584,catboost,patho
H15,0.6594303724082682,0.23643985878087828,49.78,no_pow,pow,42,2584,catboost,patho
H16,0.8450538009880758,0.49142637127584887,55.16,no_pow,pow,42,2584,catboost,patho
H17,0.8414399916943521,0.49362892859427737,45.93,no_pow,pow,42,2584,catboost,patho
H18,0.7873797011523362,0.4463661731109589,61.57,no_pow,pow,42,2584,catboost,patho
H19,0.8301791252610924,0.3361566246655781,61.88,no_pow,pow,42,2584,catboost,patho
H20,0.7236443797529771,0.25411873499053494,65.53,no_pow,pow,42,2584,catboost,patho
H21,0.7689336414658302,0.36300507874039334,56.26,no_pow,pow,42,2584,catboost,patho
H22,0.8319702037093343,0.43824575301286,40.44,no_pow,pow,42,2584,catboost,patho
H23,0.7497313196447764,0.3960093422153223,52.81,no_pow,pow,42,2584,catboost,patho
H24,0.8413852813852813,0.4466141680445522,34.98,no_pow,pow,42,2584,catboost,patho
H25,0.8337041719342605,0.47606476164964445,34.07,no_pow,pow,42,2584,catboost,patho
H26,0.8595064140684734,0.5358301574505199,43.74,no_pow,pow,42,2584,catboost,patho
H27,0.8577970124249616,0.5125493355103037,56.78,no_pow,pow,42,2584,catboost,patho
H28,0.7013353489543966,0.23774301068682288,57.13,no_pow,pow,42,2584,catboost,patho
H29,0.8264456775700935,0.5384575868758178,60.42,no_pow,pow,42,2584,catboost,patho
H30,0.7730303030303031,0.3671488287260891,54.66,no_pow,pow,42,2584,catboost,patho
H1,0.7732656207032069,0.39688285209871116,123.96,no_cov,cov,42,2660,catboost,patho
H2,0.7687171847880433,0.4041625916196364,43.79,no_cov,cov,42,2660,catboost,patho
H3,0.7598083404582233,0.29111428534593825,58.76,no_cov,cov,42,2660,catboost,patho
H4,0.7282492620295369,0.27684486428164273,54.99,no_cov,cov,42,2660,catboost,patho
H5,0.7331943450250538,0.34061261006900795,49.61,no_cov,cov,42,2660,catboost,patho
H6,0.7151430226207812,0.29067971248035757,38.66,no_cov,cov,42,2660,catboost,patho
H7,0.8421264624888439,0.5154067037789171,51.61,no_cov,cov,42,2660,catboost,patho
H8,0.7195359895064766,0.10298122656925197,55.3,no_cov,cov,42,2660,catboost,patho
H9,0.7343871975019516,0.3039191864585922,57.79,no_cov,cov,42,2660,catboost,patho
H10,0.7824390172583404,0.4031919283745339,56.97,no_cov,cov,42,2660,catboost,patho
H11,0.8016484949021989,0.4290387043245467,53.64,no_cov,cov,42,2660,catboost,patho
H12,0.7961612849609405,0.42014997045599606,63.76,no_cov,cov,42,2660,catboost,patho
H13,0.7957409550646606,0.41407333533401436,85.17,no_cov,cov,42,2660,catboost,patho
H14,0.8239070458404076,0.438027104065146,53.75,no_cov,cov,42,2660,catboost,patho
H15,0.6578782320884587,0.19994897412483864,56.31,no_cov,cov,42,2660,catboost,patho
H16,0.8330876076666408,0.484772402548179,58.15,no_cov,cov,42,2660,catboost,patho
H17,0.837828518035121,0.4923298279942088,56.32,no_cov,cov,42,2660,catboost,patho
H18,0.775682221096619,0.44833370533563416,37.03,no_cov,cov,42,2660,catboost,patho
H19,0.8335900303113419,0.3352065947505157,57.67,no_cov,cov,42,2660,catboost,patho
H20,0.6857365861890747,0.19587923040363794,47.1,no_cov,cov,42,2660,catboost,patho
H21,0.7674039837129965,0.3644006736531431,62.97,no_cov,cov,42,2660,catboost,patho
H22,0.8491334752204316,0.49459155522023474,58.13,no_cov,cov,42,2660,catboost,patho
H23,0.7792295944340742,0.38807136525138025,59.39,no_cov,cov,42,2660,catboost,patho
H24,0.8224761904761906,0.4168573435828674,56.72,no_cov,cov,42,2660,catboost,patho
H25,0.8321365360303413,0.4459847426369909,43.26,no_cov,cov,42,2660,catboost,patho
H26,0.8581896185540735,0.4889022777412497,58.35,no_cov,cov,42,2660,catboost,patho
H27,0.8286472148541113,0.4872611720922388,58.79,no_cov,cov,42,2660,catboost,patho
H28,0.7422524565381707,0.3620300534999659,53.32,no_cov,cov,42,2660,catboost,patho
H29,0.8211156542056075,0.5438440988152757,56.43,no_cov,cov,42,2660,catboost,patho
H30,0.749090909090909,0.34617469308482485,58.64,no_cov,cov,42,2660,catboost,patho
H1,0.7224349574179572,0.31554727924450027,38.14,sub_coh,coh,42,190,catboost,patho
H2,0.7183554284803336,0.3254830050789145,10.47,sub_coh,coh,42,190,catboost,patho
H3,0.6968343803823897,0.21405230331635408,15.46,sub_coh,coh,42,190,catboost,patho
H4,0.7105059341143567,0.29278128909899037,16.85,sub_coh,coh,42,190,catboost,patho
H5,0.6741011989978526,0.2483223574515148,10.84,sub_coh,coh,42,190,catboost,patho
H6,0.6841454478228777,0.240327500612282,8.66,sub_coh,coh,42,190,catboost,patho
H7,0.7813087618954746,0.41868322977195205,8.45,sub_coh,coh,42,190,catboost,patho
H8,0.6500676340383669,0.09083797978462771,10.16,sub_coh,coh,42,190,catboost,patho
H9,0.6947653982342868,0.24913525546727486,10.44,sub_coh,coh,42,190,catboost,patho
H10,0.710223629493946,0.30126441647649166,17.63,sub_coh,coh,42,190,catboost,patho
H11,0.7372440617133553,0.35319456541888306,13.53,sub_coh,coh,42,190,catboost,patho
H12,0.7332202595911212,0.31485829246891395,22.22,sub_coh,coh,42,190,catboost,patho
H13,0.7361767221858803,0.34023718772178174,13.17,sub_coh,coh,42,190,catboost,patho
H14,0.7715938030560272,0.35921919943523495,17.5,sub_coh,coh,42,190,catboost,patho
H15,0.6230275432438415,0.17742203093746067,12.68,sub_coh,coh,42,190,catboost,patho
H16,0.792704534285197,0.4167316823740823,14.9,sub_coh,coh,42,190,catboost,patho
H17,0.7742161544850499,0.42214796466325366,13.63,sub_coh,coh,42,190,catboost,patho
H18,0.7516541091553756,0.4208079697935579,13.2,sub_coh,coh,42,190,catboost,patho
H19,0.7890654120162317,0.32697678835759053,13.27,sub_coh,coh,42,190,catboost,patho
H20,0.6726998491704375,0.1705060490511083,14.65,sub_coh,coh,42,190,catboost,patho
H21,0.657114559260482,0.24201822867508554,14.02,sub_coh,coh,42,190,catboost,patho
H22,0.7959562176953482,0.38231021993789316,15.29,sub_coh,coh,42,190,catboost,patho
H23,0.7243480966117993,0.31223444528448696,18.52,sub_coh,coh,42,190,catboost,patho
H24,0.7517922077922078,0.3408956010453692,16.81,sub_coh,coh,42,190,catboost,patho
H25,0.7686472819216182,0.3512551718282758,9.62,sub_coh,coh,42,190,catboost,patho
H26,0.82327329878515,0.41773642867372524,15.68,sub_coh,coh,42,190,catboost,patho
H27,0.7786681558006421,0.42684185921740525,11.78,sub_coh,coh,42,190,catboost,patho
H28,0.6867220962459057,0.21965925009070192,13.05,sub_coh,coh,42,190,catboost,patho
H29,0.7794246495327103,0.44899803054743004,27.97,sub_coh,coh,42,190,catboost,patho
H30,0.7060606060606059,0.34568883109545623,11.62,sub_coh,coh,42,190,catboost,patho
H1,0.7148681131461191,0.30822024648141505,30.93,sub_coh,coh,43,190,catboost,patho
H2,0.7041942832168032,0.31090302153496363,15.06,sub_coh,coh,43,190,catboost,patho
H3,0.6807662044781482,0.18732166747048595,24.16,sub_coh,coh,43,190,catboost,patho
H4,0.6931622231065128,0.26630571980890955,16.6,sub_coh,coh,43,190,catboost,patho
H5,0.67654840730136,0.2644511648793986,17.54,sub_coh,coh,43,190,catboost,patho
H6,0.6749501317539824,0.2356401535305245,18.56,sub_coh,coh,43,190,catboost,patho
H7,0.7861506890842525,0.4104701332313217,21.43,sub_coh,coh,43,190,catboost,patho
H8,0.641822429906542,0.07078756375381762,23.37,sub_coh,coh,43,190,catboost,patho
H9,0.7060598807043874,0.27017716445308254,15.26,sub_coh,coh,43,190,catboost,patho
H10,0.7010190420294788,0.2816927293516373,16.94,sub_coh,coh,43,190,catboost,patho
H11,0.7401943369961471,0.3513988259690715,18.32,sub_coh,coh,43,190,catboost,patho
H12,0.7416611263051328,0.3241216147378124,18.85,sub_coh,coh,43,190,catboost,patho
H13,0.7381411965983998,0.3330154569648305,14.54,sub_coh,coh,43,190,catboost,patho
H14,0.7737359401528012,0.3368988498388562,9.48,sub_coh,coh,43,190,catboost,patho
H15,0.6244690046274337,0.1821597837968477,10.66,sub_coh,coh,43,190,catboost,patho
H16,0.7701074726468535,0.3710149783216811,10.86,sub_coh,coh,43,190,catboost,patho
H17,0.7856364202657807,0.4118817375122749,7.98,sub_coh,coh,43,190,catboost,patho
H18,0.7584407053311384,0.4094099938261487,46.45,sub_coh,coh,43,190,catboost,patho
H19,0.7886856411446577,0.32456517031294785,24.3,sub_coh,coh,43,190,catboost,patho
H20,0.6740604794903438,0.18727191646376512,18.67,sub_coh,coh,43,190,catboost,patho
H21,0.6978320677891494,0.281251407528201,19.02,sub_coh,coh,43,190,catboost,patho
H22,0.7881118881118881,0.39343033402308214,17.52,sub_coh,coh,43,190,catboost,patho
H23,0.7205158662820296,0.30365694011125016,23.88,sub_coh,coh,43,190,catboost,patho
H24,0.7468571428571429,0.3276102951257133,20.9,sub_coh,coh,43,190,catboost,patho
H25,0.7728445006321112,0.3411944762169865,16.34,sub_coh,coh,43,190,catboost,patho
H26,0.8335527992524001,0.42803211018424064,19.77,sub_coh,coh,43,190,catboost,patho
H27,0.7721345804830378,0.4261821390837726,16.06,sub_coh,coh,43,190,catboost,patho
H28,0.7050138573948097,0.265502925179156,21.12,sub_coh,coh,43,190,catboost,patho
H29,0.7586156542056075,0.41338444951901476,19.14,sub_coh,coh,43,190,catboost,patho
H30,0.7456060606060606,0.36196233871731864,18.16,sub_coh,coh,43,190,catboost,patho
H1,0.7325291404886056,0.3314083699203822,39.13,sub_coh,coh,44,190,catboost,patho
H2,0.6992325526139854,0.27537789196209,7.47,sub_coh,coh,44,190,catboost,patho
H3,0.700720543226398,0.21840351896320145,9.61,sub_coh,coh,44,190,catboost,patho
H4,0.7052856221096626,0.27175460609564916,7.33,sub_coh,coh,44,190,catboost,patho
H5,0.6923724946313529,0.2925159902743343,4.44,sub_coh,coh,44,190,catboost,patho
H6,0.6889096682550379,0.25188664583853526,9.03,sub_coh,coh,44,190,catboost,patho
H7,0.8011963842421134,0.443414646523433,6.32,sub_coh,coh,44,190,catboost,patho
H8,0.6441916707656994,0.08162057701300775,6.44,sub_coh,coh,44,190,catboost,patho
H9,0.7062712142188639,0.24122850145232366,6.34,sub_coh,coh,44,190,catboost,patho
H10,0.7310639684366405,0.33267821809186005,6.29,sub_coh,coh,44,190,catboost,patho
H11,0.7470112262929753,0.3729038065231491,6.26,sub_coh,coh,44,190,catboost,patho
H12,0.7210660914764057,0.2799445543901971,29.46,sub_coh,coh,44,190,catboost,patho
H13,0.7356513863030241,0.32152217778864917,12.83,sub_coh,coh,44,190,catboost,patho
H14,0.7885186757215619,0.3922318421504039,17.13,sub_coh,coh,44,190,catboost,patho
H15,0.6286563577143218,0.15083219632472544,16.55,sub_coh,coh,44,190,catboost,patho
H16,0.7780062595380357,0.3822360985490327,17.96,sub_coh,coh,44,190,catboost,patho
H17,0.7899968853820598,0.3954452894858252,19.79,sub_coh,coh,44,190,catboost,patho
H18,0.7399962010890211,0.40498367700679605,12.06,sub_coh,coh,44,190,catboost,patho
H19,0.7933483835123181,0.34968392901846757,18.42,sub_coh,coh,44,190,catboost,patho
H20,0.6694512124376377,0.1417587329553985,18.89,sub_coh,coh,44,190,catboost,patho
H21,0.6807747331352482,0.27771465092977354,14.17,sub_coh,coh,44,190,catboost,patho
H22,0.7891000304043783,0.3898813923290629,18.42,sub_coh,coh,44,190,catboost,patho
H23,0.7287176876520165,0.30174800547201924,18.34,sub_coh,coh,44,190,catboost,patho
H24,0.767082251082251,0.3386292991032459,18.87,sub_coh,coh,44,190,catboost,patho
H25,0.7720101137800253,0.34086065495263923,12.94,sub_coh,coh,44,190,catboost,patho
H26,0.836462492566477,0.41579341929861147,12.71,sub_coh,coh,44,190,catboost,patho
H27,0.7818511796733213,0.4044636841598665,9.23,sub_coh,coh,44,190,catboost,patho
H28,0.6895943562610228,0.25463082210394794,10.85,sub_coh,coh,44,190,catboost,patho
H29,0.7692757009345794,0.4247717850108422,10.06,sub_coh,coh,44,190,catboost,patho
H30,0.7325757575757577,0.3307727156380789,13.14,sub_coh,coh,44,190,catboost,patho
H1,0.7153630194213731,0.3058960038124398,37.64,sub_coh,coh,45,190,catboost,patho
H2,0.7200014568647889,0.32927368928556056,13.77,sub_coh,coh,45,190,catboost,patho
H3,0.7034132869905703,0.21249182838935793,8.8,sub_coh,coh,45,190,catboost,patho
H4,0.6998472350556766,0.25385278594039523,10.36,sub_coh,coh,45,190,catboost,patho
H5,0.6637083929849679,0.24809043766504604,8.93,sub_coh,coh,45,190,catboost,patho
H6,0.6650256028286137,0.2183489927787134,23.45,sub_coh,coh,45,190,catboost,patho
H7,0.7903232473983122,0.4395786249351055,14.82,sub_coh,coh,45,190,catboost,patho
H8,0.6520843580914905,0.09009565782919032,17.36,sub_coh,coh,45,190,catboost,patho
H9,0.6992594701135594,0.23323981326924145,18.54,sub_coh,coh,45,190,catboost,patho
H10,0.7083031352408086,0.3049045912741408,18.02,sub_coh,coh,45,190,catboost,patho
H11,0.7579280071843397,0.3702570997428273,24.05,sub_coh,coh,45,190,catboost,patho
H12,0.7661262295825085,0.3601302249699209,17.83,sub_coh,coh,45,190,catboost,patho
H13,0.7309958234790923,0.31229998911668677,19.62,sub_coh,coh,45,190,catboost,patho
H14,0.7833755570882851,0.34368624415518706,16.54,sub_coh,coh,45,190,catboost,patho
H15,0.6235097871802169,0.15316134883948698,16.95,sub_coh,coh,45,190,catboost,patho
H16,0.7853877292361813,0.4063298341849422,14.14,sub_coh,coh,45,190,catboost,patho
H17,0.7799003322259137,0.4135488215913606,22.71,sub_coh,coh,45,190,catboost,patho
H18,0.7556073508927441,0.4095207540753318,12.57,sub_coh,coh,45,190,catboost,patho
H19,0.7900921999282654,0.32932324087192383,14.72,sub_coh,coh,45,190,catboost,patho
H20,0.6738811716187281,0.16899187880105124,13.45,sub_coh,coh,45,190,catboost,patho
H21,0.6849125123803235,0.2824559370083226,10.96,sub_coh,coh,45,190,catboost,patho
H22,0.7908330799635147,0.3888206177638089,11.91,sub_coh,coh,45,190,catboost,patho
H23,0.7033203235477121,0.3024384276733,6.97,sub_coh,coh,45,190,catboost,patho
H24,0.7628051948051949,0.36020245729504147,8.75,sub_coh,coh,45,190,catboost,patho
H25,0.7778761061946903,0.3479411378110134,7.6,sub_coh,coh,45,190,catboost,patho
H26,0.8112522300569196,0.4091737588153389,6.67,sub_coh,coh,45,190,catboost,patho
H27,0.7851738098562054,0.41872956964054653,27.04,sub_coh,coh,45,190,catboost,patho
H28,0.6581002771478962,0.1640139774388806,23.73,sub_coh,coh,45,190,catboost,patho
H29,0.763142523364486,0.40459545209421655,19.63,sub_coh,coh,45,190,catboost,patho
H30,0.7281818181818183,0.38181818181818183,16.21,sub_coh,coh,45,190,catboost,patho
H1,0.7148227653515034,0.31185878316727744,39.91,sub_coh,coh,46,190,catboost,patho
H2,0.7090562834158827,0.3213491728615773,22.9,sub_coh,coh,46,190,catboost,patho
H3,0.7067054508506498,0.22032234949639137,13.46,sub_coh,coh,46,190,catboost,patho
H4,0.7029205195132205,0.2773718475826632,14.25,sub_coh,coh,46,190,catboost,patho
H5,0.6858768790264853,0.27364046715567936,13.58,sub_coh,coh,46,190,catboost,patho
H6,0.6757248925047368,0.24561103966090383,21.67,sub_coh,coh,46,190,catboost,patho
H7,0.7897190664662624,0.42683970610988736,19.1,sub_coh,coh,46,190,catboost,patho
H8,0.6506947860304968,0.0959057947455767,22.59,sub_coh,coh,46,190,catboost,patho
H9,0.6940559214356876,0.22954532081543233,30.17,sub_coh,coh,46,190,catboost,patho
H10,0.710392808433048,0.3046878646812712,23.87,sub_coh,coh,46,190,catboost,patho
H11,0.7489170888787582,0.36360189619105737,26.68,sub_coh,coh,46,190,catboost,patho
H12,0.743323234765265,0.3540609193323826,11.99,sub_coh,coh,46,190,catboost,patho
H13,0.7576329693554068,0.3266934300373198,5.73,sub_coh,coh,46,190,catboost,patho
H14,0.7713152589134126,0.3901452566186004,6.26,sub_coh,coh,46,190,catboost,patho
H15,0.6161759900494366,0.15292037561314845,7.14,sub_coh,coh,46,190,catboost,patho
H16,0.7799009337575334,0.3871536796097379,6.14,sub_coh,coh,46,190,catboost,patho
H17,0.7784431359753204,0.4111825095450066,6.45,sub_coh,coh,46,190,catboost,patho
H18,0.7522081170064581,0.41367294706445135,5.92,sub_coh,coh,46,190,catboost,patho
H19,0.7844448664120796,0.374298718561206,6.37,sub_coh,coh,46,190,catboost,patho
H20,0.6447911063295679,0.15543299919907885,6.9,sub_coh,coh,46,190,catboost,patho
H21,0.6672719269285793,0.1952515285986801,6.1,sub_coh,coh,46,190,catboost,patho
H22,0.7921556704165399,0.399766198013142,6.6,sub_coh,coh,46,190,catboost,patho
H23,0.7371599072345723,0.33874112480174906,20.64,sub_coh,coh,46,190,catboost,patho
H24,0.7595497835497835,0.33355656606336515,25.61,sub_coh,coh,46,190,catboost,patho
H25,0.7620480404551201,0.308231620925234,28.48,sub_coh,coh,46,190,catboost,patho
H26,0.8250998215954466,0.392459383626589,21.69,sub_coh,coh,46,190,catboost,patho
H27,0.7719670529107916,0.3764265585621492,23.81,sub_coh,coh,46,190,catboost,patho
H28,0.6760896951373142,0.22513314173361798,28.82,sub_coh,coh,46,190,catboost,patho
H29,0.7712470794392523,0.42286728440673904,17.34,sub_coh,coh,46,190,catboost,patho
H30,0.735909090909091,0.3560606060606061,16.21,sub_coh,coh,46,190,catboost,patho
H1,0.7707823232105058,0.39491122935560985,41.78,sub_pow,pow,42,190,catboost,patho
H2,0.7623731488378072,0.40014044687744216,15.22,sub_pow,pow,42,190,catboost,patho
H3,0.7542532495694089,0.27385472864214616,19.81,sub_pow,pow,42,190,catboost,patho
H4,0.7129081319511422,0.25537185734730805,21.66,sub_pow,pow,42,190,catboost,patho
H5,0.7290622763063708,0.328927940920652,15.42,sub_pow,pow,42,190,catboost,patho
H6,0.7166072534575094,0.29051507512943836,18.41,sub_pow,pow,42,190,catboost,patho
H7,0.8115119786819528,0.4484513083216421,16.95,sub_pow,pow,42,190,catboost,patho
H8,0.7269408919495,0.11947991589023314,11.97,sub_pow,pow,42,190,catboost,patho
H9,0.7225697724067437,0.3017497805499566,6.34,sub_pow,pow,42,190,catboost,patho
H10,0.7705588962014106,0.40153368011341106,6.24,sub_pow,pow,42,190,catboost,patho
H11,0.801035569494611,0.43332344891640745,6.22,sub_pow,pow,42,190,catboost,patho
H12,0.7806394584548436,0.4059584144629159,6.29,sub_pow,pow,42,190,catboost,patho
H13,0.7857152921048659,0.4022484370513203,5.84,sub_pow,pow,42,190,catboost,patho
H14,0.8012090142190152,0.3734295742953333,5.98,sub_pow,pow,42,190,catboost,patho
H15,0.6290384635655484,0.17211500884317563,22.27,sub_pow,pow,42,190,catboost,patho
H16,0.8325605907762343,0.46437276527578153,31.78,sub_pow,pow,42,190,catboost,patho
H17,0.8069493058851449,0.4488867077478383,21.38,sub_pow,pow,42,190,catboost,patho
H18,0.7427345827529441,0.40753658568410145,27.49,sub_pow,pow,42,190,catboost,patho
H19,0.8343073752909819,0.42429935234434757,21.94,sub_pow,pow,42,190,catboost,patho
H20,0.655454650929764,0.14968753378317468,16.91,sub_pow,pow,42,190,catboost,patho
H21,0.7665676240783537,0.4162866069368312,20.97,sub_pow,pow,42,190,catboost,patho
H22,0.8113408330799635,0.44437636910191003,16.21,sub_pow,pow,42,190,catboost,patho
H23,0.7372447536625374,0.3493177023922466,15.12,sub_pow,pow,42,190,catboost,patho
H24,0.812034632034632,0.42865377354271833,19.42,sub_pow,pow,42,190,catboost,patho
H25,0.8063716814159293,0.420997962937229,17.53,sub_pow,pow,42,190,catboost,patho
H26,0.8399881063630958,0.43325217490142914,13.77,sub_pow,pow,42,190,catboost,patho
H27,0.8594164456233422,0.521914927969423,9.53,sub_pow,pow,42,190,catboost,patho
H28,0.6839002267573697,0.21565269881475285,8.42,sub_pow,pow,42,190,catboost,patho
H29,0.8101635514018692,0.483228233599958,4.08,sub_pow,pow,42,190,catboost,patho
H30,0.7584848484848484,0.39221521462305103,5.87,sub_pow,pow,42,190,catboost,patho
H1,0.7664528731684137,0.3916203989607553,31.93,sub_pow,pow,43,190,catboost,patho
H2,0.7608893968846739,0.40132877627907954,32.21,sub_pow,pow,43,190,catboost,patho
H3,0.7582757146574476,0.2821747115866957,23.64,sub_pow,pow,43,190,catboost,patho
H4,0.7150765173639448,0.26059462669608824,19.02,sub_pow,pow,43,190,catboost,patho
H5,0.7242788117394416,0.3149089182191035,21.64,sub_pow,pow,43,190,catboost,patho
H6,0.7141275725071123,0.27490044137563957,36.13,sub_pow,pow,43,190,catboost,patho
H7,0.8071915550345231,0.45353904221583324,43.65,sub_pow,pow,43,190,catboost,patho
H8,0.7236124774553205,0.11298308550282886,15.93,sub_pow,pow,43,190,catboost,patho
H9,0.7189673985706955,0.27314206494284365,18.67,sub_pow,pow,43,190,catboost,patho
H10,0.7639421199165383,0.4031406965948104,30.72,sub_pow,pow,43,190,catboost,patho
H11,0.8012917174261401,0.4061281902161275,17.85,sub_pow,pow,43,190,catboost,patho
H12,0.7788999108505463,0.4032937046895033,16.42,sub_pow,pow,43,190,catboost,patho
H13,0.7874825139636694,0.41114476811143974,26.61,sub_pow,pow,43,190,catboost,patho
H14,0.797339240237691,0.35873048335488655,34.83,sub_pow,pow,43,190,catboost,patho
H15,0.6313785325027143,0.19653605291481455,5.36,sub_pow,pow,43,190,catboost,patho
H16,0.8362400093117094,0.4884711310364666,6.92,sub_pow,pow,43,190,catboost,patho
H17,0.8175241753678215,0.45029986058797977,11.34,sub_pow,pow,43,190,catboost,patho
H18,0.7375743953400025,0.40153243171269165,13.34,sub_pow,pow,43,190,catboost,patho
H19,0.8369095090406565,0.4139167651799847,8.57,sub_pow,pow,43,190,catboost,patho
H20,0.6540518305224188,0.13922214780625117,7.53,sub_pow,pow,43,190,catboost,patho
H21,0.7700671288654122,0.42693964965444203,7.55,sub_pow,pow,43,190,catboost,patho
H22,0.8183034356947401,0.4205007112245569,7.26,sub_pow,pow,43,190,catboost,patho
H23,0.7386588607952937,0.33780950139650107,28.26,sub_pow,pow,43,190,catboost,patho
H24,0.8088831168831169,0.37661148865444316,30.67,sub_pow,pow,43,190,catboost,patho
H25,0.8017446270543616,0.33442003392618513,21.9,sub_pow,pow,43,190,catboost,patho
H26,0.8270962535043751,0.4275280849330663,21.4,sub_pow,pow,43,190,catboost,patho
H27,0.8653915957001257,0.5637365148983347,35.2,sub_pow,pow,43,190,catboost,patho
H28,0.655580750818846,0.18044344347886482,24.8,sub_pow,pow,43,190,catboost,patho
H29,0.8103095794392522,0.5368661372821317,17.06,sub_pow,pow,43,190,catboost,patho
H30,0.7392424242424241,0.39668945516587223,15.06,sub_pow,pow,43,190,catboost,patho
H1,0.766439428980233,0.3888240834301206,41.48,sub_pow,pow,44,190,catboost,patho
H2,0.7596584986893937,0.3988117493630242,19.2,sub_pow,pow,44,190,catboost,patho
H3,0.7576468656679429,0.29467280602270923,9.7,sub_pow,pow,44,190,catboost,patho
H4,0.7129918772664631,0.26417205610538685,8.63,sub_pow,pow,44,190,catboost,patho
H5,0.7217644953471726,0.3102796663004169,6.72,sub_pow,pow,44,190,catboost,patho
H6,0.7148942953941702,0.27465877839818087,5.81,sub_pow,pow,44,190,catboost,patho
H7,0.8095293112549368,0.4672475636668907,6.0,sub_pow,pow,44,190,catboost,patho
H8,0.7332902934907362,0.1136574958896224,6.24,sub_pow,pow,44,190,catboost,patho
H9,0.7221869999698095,0.29134440997361305,6.33,sub_pow,pow,44,190,catboost,patho
H10,0.7688232456039584,0.39095075107791083,6.44,sub_pow,pow,44,190,catboost,patho
H11,0.8030496850752664,0.39386533245291394,6.58,sub_pow,pow,44,190,catboost,patho
H12,0.7850327133165108,0.38560681364556254,6.27,sub_pow,pow,44,190,catboost,patho
H13,0.788831077341116,0.40811707743323644,24.48,sub_pow,pow,44,190,catboost,patho
H14,0.8023994588285229,0.3550523931773527,24.09,sub_pow,pow,44,190,catboost,patho
H15,0.6343405116529108,0.20329772715128916,27.67,sub_pow,pow,44,190,catboost,patho
H16,0.8212151780864436,0.44505396041731726,36.33,sub_pow,pow,44,190,catboost,patho
H17,0.815811135500712,0.4522304808116865,20.09,sub_pow,pow,44,190,catboost,patho
H18,0.7447567114093959,0.424518664178986,33.07,sub_pow,pow,44,190,catboost,patho
H19,0.828695205744386,0.41396808671060653,16.48,sub_pow,pow,44,190,catboost,patho
H20,0.6480608381060871,0.131350850814191,14.87,sub_pow,pow,44,190,catboost,patho
H21,0.7566413557829867,0.39351743464181715,12.38,sub_pow,pow,44,190,catboost,patho
H22,0.8141380358771663,0.44437636910191003,18.81,sub_pow,pow,44,190,catboost,patho
H23,0.7426749250523219,0.3339083403974883,18.36,sub_pow,pow,44,190,catboost,patho
H24,0.8177835497835498,0.40011609790771807,15.09,sub_pow,pow,44,190,catboost,patho
H25,0.8102402022756003,0.4162642028743236,26.32,sub_pow,pow,44,190,catboost,patho
H26,0.8265865262084785,0.42223114445654175,24.17,sub_pow,pow,44,190,catboost,patho
H27,0.8582995951417004,0.5170697629341597,12.02,sub_pow,pow,44,190,catboost,patho
H28,0.6685815066767448,0.20597197349175844,4.78,sub_pow,pow,44,190,catboost,patho
H29,0.8210426401869159,0.5093078346196772,6.78,sub_pow,pow,44,190,catboost,patho
H30,0.7456060606060607,0.3825184261187248,6.19,sub_pow,pow,44,190,catboost,patho
H1,0.7697118455309135,0.3966102683058728,29.43,sub_pow,pow,45,190,catboost,patho
H2,0.7630949071134283,0.3956211925508156,5.82,sub_pow,pow,45,190,catboost,patho
H3,0.7573037867241614,0.2969411233916212,6.15,sub_pow,pow,45,190,catboost,patho
H4,0.7182217441057911,0.2657050892341743,38.08,sub_pow,pow,45,190,catboost,patho
H5,0.7188833214030064,0.31089107992891485,31.83,sub_pow,pow,45,190,catboost,patho
H6,0.7162401910153653,0.28884485555170236,15.5,sub_pow,pow,45,190,catboost,patho
H7,0.8072636327597501,0.44780050077377315,17.67,sub_pow,pow,45,190,catboost,patho
H8,0.74217699622889,0.11650842529316786,18.95,sub_pow,pow,45,190,catboost,patho
H9,0.7189760244284291,0.2800918599401008,40.91,sub_pow,pow,45,190,catboost,patho
H10,0.7689381201922375,0.4020987834971951,24.49,sub_pow,pow,45,190,catboost,patho
H11,0.8003677552445526,0.39036126059408865,25.62,sub_pow,pow,45,190,catboost,patho
H12,0.785605007479488,0.4068496641243016,26.79,sub_pow,pow,45,190,catboost,patho
H13,0.7873597343128869,0.40490234877978526,19.17,sub_pow,pow,45,190,catboost,patho
H14,0.8021010186757217,0.38342862821499446,8.45,sub_pow,pow,45,190,catboost,patho
H15,0.6339320536740136,0.18830106576071512,7.83,sub_pow,pow,45,190,catboost,patho
H16,0.8294340549908177,0.4652517279276621,5.67,sub_pow,pow,45,190,catboost,patho
H17,0.806548855007119,0.4449202337369061,6.86,sub_pow,pow,45,190,catboost,patho
H18,0.7435418513359503,0.40987752023770124,6.59,sub_pow,pow,45,190,catboost,patho
H19,0.8321553403520617,0.4309678900135227,6.45,sub_pow,pow,45,190,catboost,patho
H20,0.6498855593878219,0.15858516941241793,6.25,sub_pow,pow,45,190,catboost,patho
H21,0.7656982502476065,0.4240528731470962,6.52,sub_pow,pow,45,190,catboost,patho
H22,0.8233201581027669,0.47676318688241537,27.0,sub_pow,pow,45,190,catboost,patho
H23,0.7411194072062899,0.345464757414601,23.55,sub_pow,pow,45,190,catboost,patho
H24,0.8140086580086581,0.38020548952407757,27.5,sub_pow,pow,45,190,catboost,patho
H25,0.7938305941845766,0.38745952597237243,26.16,sub_pow,pow,45,190,catboost,patho
H26,0.8400518222750827,0.4607058941109898,22.33,sub_pow,pow,45,190,catboost,patho
H27,0.8501745078877565,0.5060927064992726,14.16,sub_pow,pow,45,190,catboost,patho
H28,0.6609221466364325,0.2740740740740741,15.8,sub_pow,pow,45,190,catboost,patho
H29,0.8203125,0.5277094708705795,18.81,sub_pow,pow,45,190,catboost,patho
H30,0.7389393939393939,0.34208244282912725,18.72,sub_pow,pow,45,190,catboost,patho
H1,0.7682470190462845,0.3954600257875044,38.79,sub_pow,pow,46,190,catboost,patho
H2,0.7655199005060507,0.40446577013371315,14.55,sub_pow,pow,46,190,catboost,patho
H3,0.749440076577079,0.28009579794604145,13.62,sub_pow,pow,46,190,catboost,patho
H4,0.7107093958871495,0.25823171857774546,14.54,sub_pow,pow,46,190,catboost,patho
H5,0.7219438976377952,0.3239068260851684,14.59,sub_pow,pow,46,190,catboost,patho
H6,0.7146384233998286,0.2793917243420923,10.95,sub_pow,pow,46,190,catboost,patho
H7,0.8116126755039612,0.4520097859941332,9.08,sub_pow,pow,46,190,catboost,patho
H8,0.7306423184128545,0.11882425972258241,5.36,sub_pow,pow,46,190,catboost,patho
H9,0.7244458964638296,0.2954974227557683,6.64,sub_pow,pow,46,190,catboost,patho
H10,0.7724104657015809,0.4122601166825572,6.19,sub_pow,pow,46,190,catboost,patho
H11,0.8021135253731297,0.40460495733995716,6.5,sub_pow,pow,46,190,catboost,patho
H12,0.7804222510992581,0.4035660191904082,6.18,sub_pow,pow,46,190,catboost,patho
H13,0.784634428621748,0.4065057154041328,6.33,sub_pow,pow,46,190,catboost,patho
H14,0.799229361205433,0.3687822151589159,6.52,sub_pow,pow,46,190,catboost,patho
H15,0.6335604886738555,0.21151193308531197,25.45,sub_pow,pow,46,190,catboost,patho
H16,0.8265920436615709,0.4775476039958618,25.34,sub_pow,pow,46,190,catboost,patho
H17,0.8157332700522071,0.45231124080252944,25.32,sub_pow,pow,46,190,catboost,patho
H18,0.7369491579080664,0.4141068233437836,27.45,sub_pow,pow,46,190,catboost,patho
H19,0.8365016069934103,0.41032457704869807,17.16,sub_pow,pow,46,190,catboost,patho
H20,0.6451075319853601,0.16033376175171996,27.41,sub_pow,pow,46,190,catboost,patho
H21,0.7781225927148674,0.4132943100546601,23.45,sub_pow,pow,46,190,catboost,patho
H22,0.8180906050471267,0.4748498981487015,13.62,sub_pow,pow,46,190,catboost,patho
H23,0.7368770858080209,0.3262330865658078,18.35,sub_pow,pow,46,190,catboost,patho
H24,0.8139047619047619,0.40271422501226833,21.56,sub_pow,pow,46,190,catboost,patho
H25,0.8092541087231353,0.3956126812101594,15.97,sub_pow,pow,46,190,catboost,patho
H26,0.8255458329793561,0.4439774499749374,17.38,sub_pow,pow,46,190,catboost,patho
H27,0.854893201172693,0.5122472957819688,19.45,sub_pow,pow,46,190,catboost,patho
H28,0.6704963466868229,0.2151762885377345,16.57,sub_pow,pow,46,190,catboost,patho
H29,0.8280519859813085,0.5016347655252759,12.89,sub_pow,pow,46,190,catboost,patho
H30,0.7421212121212122,0.35750760594942355,26.26,sub_pow,pow,46,190,catboost,patho
H1,0.7628787842070825,0.36400391683481137,30.44,sub_cov,cov,42,190,catboost,patho
H2,0.7321273772734432,0.332041484672106,20.28,sub_cov,cov,42,190,catboost,patho
H3,0.6994078596830353,0.20664303379660504,16.39,sub_cov,cov,42,190,catboost,patho
H4,0.8017933862558763,0.37634453137174695,22.5,sub_cov,cov,42,190,catboost,patho
H5,0.7523228346456693,0.3606884461575896,15.06,sub_cov,cov,42,190,catboost,patho
H6,0.7046205659459829,0.2659185572737784,17.56,sub_cov,cov,42,190,catboost,patho
H7,0.8064326189865448,0.4529030801624526,18.33,sub_cov,cov,42,190,catboost,patho
H8,0.6718457943925233,0.11780347809724731,21.23,sub_cov,cov,42,190,catboost,patho
H9,0.7115071098632371,0.2623196116681205,14.9,sub_cov,cov,42,190,catboost,patho
H10,0.7588124473926601,0.35292113071888637,18.32,sub_cov,cov,42,190,catboost,patho
H11,0.8393007161469251,0.4530221999880063,14.26,sub_cov,cov,42,190,catboost,patho
H12,0.7696109910699446,0.39437198719105393,16.93,sub_cov,cov,42,190,catboost,patho
H13,0.779902380113722,0.37119189907449135,20.56,sub_cov,cov,42,190,catboost,patho
H14,0.7924945617572157,0.3758980614473317,18.94,sub_cov,cov,42,190,catboost,patho
H15,0.6378268981437561,0.18940996625375542,12.19,sub_cov,cov,42,190,catboost,patho
H16,0.8387101989084607,0.4712154714221853,11.71,sub_cov,cov,42,190,catboost,patho
H17,0.815499673706692,0.4489747185769433,7.72,sub_cov,cov,42,190,catboost,patho
H18,0.7565095922502216,0.4223147695693373,10.55,sub_cov,cov,42,190,catboost,patho
H19,0.7876096236751975,0.3239244108750473,15.11,sub_cov,cov,42,190,catboost,patho
H20,0.7091098946302566,0.22606701462319054,9.44,sub_cov,cov,42,190,catboost,patho
H21,0.7369098712446351,0.32552635787833584,8.29,sub_cov,cov,42,190,catboost,patho
H22,0.7483885679537854,0.3101470088785526,12.8,sub_cov,cov,42,190,catboost,patho
H23,0.70397081282878,0.2500271022509805,17.6,sub_cov,cov,42,190,catboost,patho
H24,0.8311168831168831,0.4314401096263613,13.98,sub_cov,cov,42,190,catboost,patho
H25,0.7850063211125159,0.38565870075304093,11.54,sub_cov,cov,42,190,catboost,patho
H26,0.8300484240931102,0.4574051751316875,13.64,sub_cov,cov,42,190,catboost,patho
H27,0.8193494345944435,0.46221665171740284,15.29,sub_cov,cov,42,190,catboost,patho
H28,0.7148400100781053,0.29660688946778774,14.61,sub_cov,cov,42,190,catboost,patho
H29,0.827394859813084,0.5616339820121098,18.6,sub_cov,cov,42,190,catboost,patho
H30,0.7743939393939394,0.4121647748173438,12.95,sub_cov,cov,42,190,catboost,patho
