fold,mcc_overall,fit_secs,mcc_H1,mcc_H2,mcc_H3,mcc_H4,mcc_H5,mcc_H6,mcc_H7,mcc_H8,mcc_H9,mcc_H10,mcc_H11,mcc_H12,mcc_H13,mcc_H14,mcc_H15,mcc_H16,mcc_H17,mcc_H18,mcc_H19,mcc_H20,mcc_H21,mcc_H22,mcc_H23,mcc_H24,mcc_H25,mcc_H26,mcc_H27,mcc_H28,mcc_H29,mcc_H30,condition,group,seed,n_features,model,task
0,0.8285056535479646,83.41,0.8780130353581131,0.9144110090241506,0.9065956523559643,0.8750286374695763,0.8924424139359404,0.755005716827424,0.84895084884731,0.7237623249275985,0.8037329836566242,0.8028861617018858,0.7816890385984714,0.783801290470851,0.7970384610041298,0.3460991731067219,0.7601173880909219,0.7546022868610655,0.7317647407686948,0.5574747586992561,0.9018312430240323,0.36506313725380185,0.935302843421535,0.9043457200932387,0.7160977088199032,0.806775425079593,0.8372569413577432,0.32993331717473623,0.8906494122331123,0.9459909954015426,0.31072154085399323,0.5310273029880143,full_coh,coh,42,2394,logreg,site
1,0.8242558690487445,50.27,0.8647078148881867,0.9050334893005926,0.8985164654241807,0.8862255761525233,0.896946460135537,0.7544300030948077,0.8298019436952329,0.5712861104699143,0.8626996141371648,0.8076248743282067,0.7362195656277992,0.798139717851781,0.7821804680542787,0.3708454651383485,0.7790566017590443,0.7473937273509295,0.6971668710238977,0.4990061163232213,0.9069398322187849,0.5674579560357416,0.9163356326836278,0.9220591929015148,0.7731540012164054,0.795044210393341,0.8764198893618347,0.25766952101412394,0.9051473251799683,0.9728206500483728,0.3656904195346184,0.5318704999349755,full_coh,coh,42,2394,logreg,site
2,0.8186313908338136,63.84,0.8693603939743091,0.8943894100791815,0.8927662764791566,0.8836216455366799,0.8961266459501788,0.706412093770936,0.8190631392847846,0.629446101542705,0.81531311107771,0.8118625759307024,0.7273218010168673,0.7956468072433929,0.8022847428616415,0.33510714549834636,0.7519726126498886,0.7720524012995895,0.6943055986503482,0.5397112150795409,0.898796493888141,0.560503916427198,0.890989956213367,0.8396558054194844,0.767425869369834,0.780396849218465,0.8666536229038443,0.2817165194009901,0.9590813414287855,0.9347638659054756,0.3903847609497061,0.49406665259319854,full_coh,coh,42,2394,logreg,site
3,0.8211743899770882,57.14,0.8721955208772455,0.8984441501544085,0.897323628929015,0.8766697390401216,0.8924902497409856,0.7565100606705996,0.8450808193581101,0.5109624765978067,0.8360239091505368,0.8035638832107463,0.7518641846330738,0.811176675344817,0.7854685585708213,0.3216006977426122,0.7554464152384269,0.7454807689340299,0.7608523970257612,0.3805097645337107,0.8858455123110565,0.4191069805131926,0.9339178020313835,0.8970552587256823,0.7821340399658849,0.7192509480198909,0.880276361464331,0.2758100816404229,0.8705332552176013,0.9608924532407055,0.3785696706885606,0.4638196394989779,full_coh,coh,42,2394,logreg,site
4,0.82704705277202,58.82,0.87516791964034,0.9062377295878667,0.897249969110913,0.8892437193586493,0.890966901586361,0.7452012703314053,0.8481336257853119,0.526018012510116,0.817282530062875,0.8412417664901861,0.7641691315991462,0.7956468072433929,0.7793431241011092,0.3381470221879143,0.7314592960271585,0.751158640060913,0.7649059769295821,0.5071481325138307,0.9116484379780779,0.5253956571348336,0.9559654548637577,0.8962160680601392,0.7958710757527686,0.6734039467835595,0.8924917315371164,0.33923303913232505,0.9038671915970974,0.9315363939215897,0.24748486699920405,0.4527217463387676,full_coh,coh,42,2394,logreg,site
0,0.5324920728973802,51.75,0.602947229856197,0.6919423085405455,0.5785150103283185,0.7963716333478483,0.6461516769976983,0.3287679704751413,0.6277729082636365,0.2813034405237553,0.48380571924346816,0.40058962363051204,0.4462221677671749,0.3963913068432852,0.3583034496361984,0.1268209877482141,0.3766539274871288,0.2875832315293491,0.2948818175613056,0.16930392586406157,0.44851733932155785,0.08475506606303723,0.3161212314469886,0.5266955893913949,0.32498076029782014,0.4022958324896858,0.6139425079773181,0.11939810391555278,0.3116224636151585,0.5653410414482737,0.06101237976396777,0.07353548634820521,full_pow,pow,42,266,logreg,site
1,0.5362984715860987,53.19,0.6129189823067819,0.6780126479043335,0.5652841950826271,0.7754894646508138,0.6444835580283633,0.3388895042348344,0.6363905980622587,0.2872769441448632,0.5204784194204548,0.3973134400906326,0.39464110135102004,0.4041651198690637,0.3676063789637363,0.17212918317820633,0.37900097904671753,0.3649325265136365,0.3760121080114774,0.15945552825913595,0.438858037563935,0.22322514507070965,0.3626566887990808,0.5766178166721087,0.3724725505350904,0.43791777410480204,0.44983909981921655,0.03522327666375904,0.542382730817797,0.5728493637250929,0.0967332946009514,-0.0017439486587719313,full_pow,pow,42,266,logreg,site
2,0.5356780606744336,54.17,0.59370183644493,0.681712261729541,0.5597748042524916,0.8036517748229082,0.6461953162576584,0.3007611106215059,0.6249939090867008,0.09507944044853361,0.5581382984718697,0.4212671793283969,0.4552246225018279,0.3791094865724542,0.39471767804676033,0.1961416333636708,0.4221012067219924,0.34064036344659165,0.3271876739508095,0.18920708713075146,0.4668285620485115,0.19367954566503637,0.3983201872426483,0.5434862422171332,0.28097769047461607,0.49265909977957295,0.6057344917543639,0.11450937252227023,0.4273175473319404,0.568963643212257,-0.0015482090856415737,-0.0023622131366531577,full_pow,pow,42,266,logreg,site
3,0.543335386657572,53.19,0.596508973758426,0.7036765596336814,0.5918970076057711,0.7667317750723357,0.6607409110248206,0.360161569621702,0.6655219488117046,0.18478274641372042,0.5162032754455295,0.43012815248437636,0.4168583168402622,0.46059421376573617,0.38738441109550414,0.14558816611920644,0.37965351721017887,0.36262907401862277,0.2928782774545174,0.1565011415310613,0.41560169489949444,0.13143133170712698,0.3913676510030521,0.5365961492563004,0.45355206899615724,0.4300413447848777,0.6038556002506028,0.1817477598542678,0.43665649564202824,0.541319386117181,-0.002792979152946181,0.13291549721981882,full_pow,pow,42,266,logreg,site
4,0.5313681814074598,52.74,0.596757155173735,0.6724708631857281,0.5636661339761476,0.7951953223242795,0.6312527338247923,0.34816212777863303,0.6197345712129422,0.22245368301071955,0.45626792843511005,0.4523460738138585,0.40270622511953635,0.39856316447738727,0.3739514779976898,0.1535796019757256,0.34568731255484025,0.35344901436295995,0.354109367850805,0.19851668577700893,0.4463547967461919,0.206903017367247,0.40525945799019575,0.5855952923123324,0.24119093197461738,0.4727509158291915,0.5059718473614152,0.04592420910067092,0.4005204701689856,0.559766133723104,-0.001518028493822369,-0.002665542529404139,full_pow,pow,42,266,logreg,site
0,0.7183064573767487,93.0,0.72883952886129,0.8806737865772742,0.8049923940348107,0.7488921393717466,0.8079760648530867,0.6107138190461413,0.841354760215964,0.6853519035512257,0.8150105875085195,0.6645804203553349,0.5667973145001206,0.6421302592498965,0.6384216755489641,0.23840043012728837,0.5753478931231428,0.5813509815013697,0.480773221896213,0.42876759194448716,0.7534593615555056,0.11629474497805117,0.8236795378695124,0.7787242442511243,0.6163642192823717,0.747380697001904,0.9112497020085254,0.24882374932918724,0.7664421799319283,0.8747528060070666,0.3188215584608312,0.16874268908546072,full_cov,cov,42,190,logreg,site
1,0.7090820980093026,82.55,0.7170918316633306,0.8634654634967285,0.778161787235201,0.7602298642039211,0.783179596162181,0.5993942791379884,0.8197346095734894,0.5496321145339798,0.7909101198146528,0.6634251019672681,0.5565653614895012,0.6183774548865374,0.6471653855642276,0.30335035816611516,0.5198588707132872,0.5925676212274426,0.5082570195143877,0.49056571361316,0.7702281305382416,0.16403321427177,0.7884878969238663,0.875354800639593,0.5488938094601123,0.7138959349335087,0.8292329438028206,0.24396370015985686,0.7313910423261399,0.9445085505405235,0.24629880271837387,0.29940416881448184,full_cov,cov,42,190,logreg,site
2,0.7161366952540835,105.98,0.7375204726117923,0.8658067247498015,0.7955598738048464,0.7336467798646733,0.7906396668007876,0.6659132873073862,0.8386808741483412,0.653977919254916,0.8240776211322413,0.6833937286021957,0.5371740125749033,0.6218944100276104,0.6644758269991695,0.29464146674182284,0.4860905735787395,0.6486617408218865,0.49170342532127703,0.4823243724660567,0.7275640700453977,0.12253191547483998,0.8740277140728553,0.7681446836779255,0.48091790875760765,0.6487148599562874,0.8829283774425974,0.10559594269884608,0.7730179384783994,0.9594956318146153,0.3785696706885606,0.25541185509779557,full_cov,cov,42,190,logreg,site
3,0.7123873252278976,91.79,0.7368153234184617,0.8882387622511928,0.7989040843148696,0.7380978209621245,0.7581561900149981,0.5665811263349978,0.826564448144736,0.5386922698584032,0.8481578279214383,0.649852986789617,0.5785481595820026,0.5819502729115515,0.6321772680064726,0.2327579398317843,0.4900056942624498,0.6459648165722237,0.5586381266840257,0.4036685224167471,0.7619220730521115,0.04852274068612843,0.8582178191651922,0.8231596156120728,0.6150445556279845,0.6855539479497335,0.8781538695479788,0.17044924127682193,0.8078824393079337,0.9148149843035114,0.11087136394356703,0.264420086501198,full_cov,cov,42,190,logreg,site
4,0.7201700310384652,93.11,0.7294898185504556,0.8648514217071548,0.8043228873642468,0.7595064145513327,0.8006075912984101,0.5849006653649238,0.8440342092016281,0.6286212436589564,0.877627781770067,0.6592414118910388,0.5530119542221106,0.6506122192562218,0.6849515894939798,0.21686558572023248,0.48790423061133825,0.5632914064341318,0.5131042081607438,0.4836802499582965,0.738292109759281,0.2421103404421108,0.848089687731357,0.8446384935576214,0.5482921002456015,0.727763243937942,0.8646303657126935,0.1965736278220531,0.8389498678074448,0.8896706629514771,0.18783975104914258,0.34034120444039373,full_cov,cov,42,190,logreg,site
0,0.7634941448949689,190.2,0.803544580302253,0.8931999949561287,0.8418178573733809,0.8910879238180826,0.867012949031521,0.6433739601241445,0.8328550692951693,0.6029779659386125,0.7458423159839852,0.7343646481966181,0.6183043515243091,0.6620163033543043,0.6847812307424247,0.2148742819465913,0.672384467961835,0.6415312272989152,0.572048842001391,0.417228402606439,0.8270030371896558,0.33992176136887275,0.8154674477074786,0.8282331113201812,0.6276493373610207,0.7420300195854886,0.8666536229038443,0.24590523825424065,0.8293310194170376,0.8916124305510756,0.20562982967746454,0.264420086501198,no_coh,coh,42,456,logreg,site
1,0.762604036299082,161.69,0.7977169410822955,0.8863279036558062,0.8237919606026887,0.8873051359060078,0.8470045108011902,0.6564927990317871,0.8247592262219275,0.6577755367523023,0.8186531105049397,0.7327152606336704,0.551879275425567,0.6629668769199486,0.7065130511584978,0.30706840687307524,0.6771240101156856,0.6456740278831087,0.6572813442717941,0.5482569007474495,0.7727875536367016,0.3002330602631137,0.779584232204764,0.8677218994189542,0.6613950815917177,0.7385932707218458,0.832794050368589,0.27003774701098887,0.8144359316580195,0.9445085505405235,0.24815209470704538,0.37014338189972523,no_coh,coh,42,456,logreg,site
2,0.755478421969456,197.7,0.797256058099581,0.8671606330425198,0.8015666687187172,0.8852367034146369,0.8551946346703495,0.6764541533979711,0.8454507455520975,0.6561941093385947,0.7997010134199882,0.7606842119866416,0.5970295091296214,0.6435290111406946,0.6744114495406007,0.24538293414000453,0.6360600660569604,0.6212415940490637,0.6028311196593348,0.47904006562750284,0.7534593615555056,0.14908932115360626,0.8535533804658384,0.8040565724897494,0.6399066113841861,0.6632179598194565,0.896384342306965,0.2073098503917034,0.8038920905210136,0.8644231481258422,0.38987643248035075,0.31787410729490584,no_coh,coh,42,456,logreg,site
3,0.7474807311515764,151.09,0.779665443375189,0.8618552530006198,0.8359994040985673,0.8640977370780946,0.8259710650968708,0.6212277999626207,0.821692189484844,0.5307331489470103,0.7552893759512824,0.7191837754393893,0.5550607880577697,0.6625150192550657,0.689008442803908,0.31105089240592804,0.6692174146115517,0.681113558913385,0.6390010388621694,0.44927805008470345,0.7977550208628831,0.2876628221534551,0.8254988543571598,0.7614541825025204,0.6162091345172427,0.6875554364668703,0.8389862939179693,0.2730656113474821,0.7921481338709153,0.8713234202953698,0.21542297786185485,0.2531898335114353,no_coh,coh,42,456,logreg,site
4,0.7514212007330047,192.12,0.7800860198557086,0.8642633384269898,0.8215423300253561,0.8829380187132064,0.833469838621192,0.670239805802076,0.8507898352513938,0.5459026466200416,0.8062490329712821,0.7425346217192774,0.5797833205048968,0.6811933387930196,0.6807719700566622,0.2599795561888044,0.5619425134841195,0.6262715896497584,0.5792659429681563,0.5294273169763501,0.7884015809291748,0.20260205278008503,0.8356105881158062,0.836455194802468,0.6233894962581626,0.6582906943956064,0.8375890520335181,0.21051090593161428,0.806672906526142,0.8767770347757006,0.15798971630110364,0.30883326318031273,no_coh,coh,42,456,logreg,site
0,0.8466283320302973,91.57,0.8880749812557518,0.9320774018023997,0.9136366072047102,0.923793951737465,0.9137094694706892,0.7801549135283578,0.8563417529865968,0.7242448272162367,0.8400552945420522,0.8298226900748096,0.8021949679950813,0.8105502886893022,0.8188397626123298,0.35383403148809295,0.7939927945499989,0.774225297831266,0.7527433578625228,0.6172686289709977,0.8877075778523101,0.2989779224618955,0.9403452809057224,0.9177805827369573,0.7690307319404465,0.8007548727819236,0.8760929560971343,0.2862068016662421,0.8792631820514155,0.931922766134977,0.34688652456584856,0.4544230751102355,no_pow,pow,42,2584,logreg,site
1,0.8503134058627624,88.94,0.8808004066455781,0.9314050794467951,0.9081461168069503,0.9277978748730853,0.9193436650806189,0.780215859964387,0.8506015254501216,0.609840569145038,0.8787317887859474,0.8296682207366679,0.7797839901894358,0.8236516954950983,0.8154683348744498,0.41307106006653455,0.8236267379153989,0.7649437251112275,0.7449416162344941,0.6053454474889104,0.9212352366195422,0.5239303588439964,0.9271065504889426,0.9385146246997974,0.7840088536183205,0.8220575437991632,0.8924917315371164,0.40126061695195586,0.8973861961893898,0.9598578410469673,0.5049465005708449,0.5642375767303529,no_pow,pow,42,2584,logreg,site
2,0.8355555838435011,92.88,0.8758771524592435,0.9292402384312668,0.9122077692737433,0.9262668633027918,0.903269394568463,0.7494625887940192,0.8317301014450281,0.7088505083549825,0.8314481167928892,0.8229891883964139,0.7704051970965543,0.7793055424739914,0.7838947797486433,0.38133845231231833,0.7932771778649167,0.7772278191004364,0.7276750898829687,0.6200532732780504,0.9043877611980929,0.46339613869431856,0.8969493306857804,0.8474305282310167,0.7590298616109625,0.7689790919429621,0.9211674555153917,0.27943519493593355,0.9302051937822203,0.9347638659054756,0.39258982057859454,0.42478214888232146,no_pow,pow,42,2584,logreg,site
3,0.8388756039321142,76.96,0.8872329874444761,0.9117558302859418,0.908673579915196,0.8961438920606953,0.9054663216552497,0.7615877554207349,0.844584439326368,0.6728760509587101,0.900049062763422,0.8352674652457607,0.7748538502682026,0.8281328460330275,0.7988046941703156,0.38810807732242625,0.8102815332215977,0.7542453477085845,0.7561223758028451,0.5000117896805413,0.867105330257305,0.4343600291807481,0.9059237822957161,0.9187557168117715,0.8145711951286642,0.7509464595729113,0.9043365147794495,0.21448163417857255,0.8705332552176013,0.986679226547175,0.4365960346344179,0.47506516733474985,no_pow,pow,42,2584,logreg,site
4,0.8466263560326371,101.7,0.8884990612821726,0.916251990334595,0.916411744128342,0.9278046093440321,0.912182817812604,0.7623811637560284,0.8296528309983506,0.5805516830548941,0.853436910642281,0.8440036920418931,0.8042068723701211,0.826777922965389,0.8188397626123298,0.4348222142190799,0.7912644589320621,0.7767936568896026,0.8016207766632588,0.5516213381581546,0.921724667082424,0.5379535232021777,0.9676805407318256,0.9138507138769936,0.7807288792326196,0.7019165333888521,0.8844895459714811,0.31314913693055535,0.8952679362449785,0.9043499004553388,0.3906826813649867,0.4815579910732195,no_pow,pow,42,2584,logreg,site
0,0.855997090493199,58.55,0.9022871405991251,0.9328559495974574,0.9188544480105815,0.9215235146814873,0.9324425454072935,0.7891677025526738,0.8675532262895768,0.7812437805431887,0.8322136650037384,0.8537660705582829,0.8168491809498453,0.8006976596978644,0.8135205988672839,0.3776775705696525,0.8195094786784503,0.7756693362240517,0.7834498589537102,0.5908834189930212,0.9046423255634682,0.3477323096667021,0.9329458599321225,0.9228377746610565,0.7894038971439604,0.8401309690087717,0.9345876746861622,0.36226502903870755,0.867739923254563,0.931922766134977,0.2959822988445595,0.41195768468608834,no_cov,cov,42,2660,logreg,site
1,0.8511058007726268,54.46,0.8812524879805838,0.9281542748225456,0.9162228095461972,0.9374813473626611,0.9216398954637761,0.777482488313265,0.8707608331738341,0.5819645741164793,0.875832270926991,0.832355545121764,0.760171461344536,0.7914492467346091,0.811768905992228,0.4337645227147888,0.8036694185974269,0.7821337166477444,0.7479517893045883,0.646420452652601,0.9413591105303172,0.5165988114920496,0.9170078318637565,0.9154174731589699,0.8158184148145011,0.8267343189572216,0.9133671594786108,0.28435549613378663,0.9058522601590664,0.9728206500483728,0.4784123853793628,0.576477947285908,no_cov,cov,42,2660,logreg,site
2,0.8475157870982867,56.47,0.8907064784946839,0.9303649313164698,0.9109644920438165,0.9234218434288156,0.9160176436728606,0.7592608315148972,0.8412932110905484,0.7681159060626334,0.8942416103667747,0.8698206567524636,0.7923716192790551,0.7873621794736743,0.8188397626123298,0.35915297302269017,0.8076420085869727,0.775657081148222,0.7728215292421118,0.585086143493241,0.8907409420246514,0.4880101463216146,0.8959594633746865,0.8689921474713438,0.7958710757527686,0.8064645596022906,0.8748262429260021,0.33413780930983894,0.9302051937822203,0.9347638659054756,0.34858360652277126,0.3401509207003256,no_cov,cov,42,2660,logreg,site
3,0.8512244360955159,51.57,0.8859745747912552,0.9225541219560589,0.9210041493790585,0.917012169816925,0.9272424370074531,0.7865817671459472,0.8606668326060701,0.6658844165260241,0.9109894255011841,0.8757123345836262,0.7885982012553225,0.8097184695581388,0.8246347765781654,0.3954943611831074,0.8105584190772841,0.7950986371775064,0.7662015284681643,0.4761661865523617,0.881628773766952,0.44278464983776844,0.9157711427493581,0.9326491385694627,0.7913314132418132,0.756555737826156,0.9055037820239984,0.3162969778936763,0.9038671915970974,0.986679226547175,0.35778986328022727,0.41195768468608834,no_cov,cov,42,2660,logreg,site
4,0.8427491087030003,49.76,0.878593249171043,0.9255271845542179,0.9025852939431878,0.9161519606411185,0.9200421934646583,0.796322433218204,0.8507000695827048,0.5805516830548941,0.8787701951046449,0.841832212248009,0.7748538502682026,0.8104419378617993,0.7998095293811464,0.2872464143407169,0.7596949961014102,0.8018690828861516,0.766235231523286,0.49741399925891,0.915781482376571,0.5533365166952129,0.9449416284475706,0.9154174731589699,0.7840088536183205,0.7385932707218458,0.925556966534902,0.35656392664814357,0.883819453661262,0.9456172245578404,0.2477399348361207,0.44931126581370046,no_cov,cov,42,2660,logreg,site
0,0.7685207279529886,13.49,0.8064697193447508,0.874782493924259,0.8761517647442012,0.81791753555342,0.8351120823640769,0.6709834732331953,0.8187676970462019,0.5731414674302365,0.7444874731099251,0.7177647219143954,0.6593465977149207,0.7034699273007894,0.705976025622683,0.27874810134608746,0.6876164611747247,0.6742503520216497,0.5798864501163911,0.40942226956830313,0.8796410642977569,0.29164139991573557,0.9312674469003166,0.8599058242986366,0.6495489707329536,0.7929119188760847,0.8046588222106057,0.1689334975920599,0.8149531138565604,0.9731802778267762,0.2978956861329029,0.41245048318395316,sub_coh,coh,42,190,logreg,site
1,0.7722924472469502,14.43,0.7990111490519219,0.8628002573572572,0.8693268410973906,0.8177983904821694,0.8513948427924493,0.7166511213903557,0.8278025223141067,0.4356111839014887,0.8414184930277773,0.7147310489495508,0.6869659100221387,0.7190637610756639,0.7330760737437021,0.37255586634669635,0.6387510197309116,0.6457468836057945,0.5980521716593331,0.39428416483621664,0.878754308910946,0.3663146314853107,0.8969493306857804,0.8566987243705336,0.6595561574763579,0.7668777796680378,0.7982673057263575,0.2437283228004802,0.8992368742368743,0.9165676909801441,0.3903847609497061,0.416819597801127,sub_coh,coh,42,190,logreg,site
2,0.7666807036274528,13.63,0.8023506453030532,0.846471248628162,0.8542843801289743,0.8154098290358581,0.8552250667501299,0.7172831205379347,0.8290047943221709,0.6476184543489744,0.8021949131678561,0.730392496007787,0.6613435932250532,0.731334301249209,0.6874271044652489,0.34176158013208363,0.5951989892409839,0.61902547981711,0.591395851300684,0.4473956737909149,0.8951900926019379,0.4631840495811269,0.9294962933507369,0.8446384935576214,0.5221905029954566,0.7010106352127762,0.7929119188760847,0.25188145505160114,0.8492226021711357,0.9745309345281062,0.2901167496572481,0.44265560523311037,sub_coh,coh,42,190,logreg,site
3,0.7691127345892917,13.69,0.8001686028679426,0.8466571774024417,0.8594559551536313,0.8340219548112827,0.8492580945071296,0.6876338662292328,0.8401301218538828,0.4772676906054052,0.8040731892691177,0.7253661240876854,0.6721471146029879,0.7088493308480085,0.7314013225850269,0.327488534551994,0.5595287670170216,0.671205055831746,0.6520342569830625,0.34235789758220714,0.8551509817701611,0.5219739108746063,0.911086085300277,0.8551995716958234,0.7050491208873426,0.6658751930723085,0.851788263202284,0.30240089989981467,0.8485948854201542,0.947063728791815,0.33798049976591565,0.3315894017929375,sub_coh,coh,42,190,logreg,site
4,0.7616222405638242,13.07,0.8039899782809649,0.8451103647483201,0.859637295136398,0.8072989989203584,0.8508971532251501,0.672037346047307,0.8105228568493018,0.4420981701005711,0.7588728672596212,0.7400798834493956,0.6799617175226169,0.7181057224020937,0.7157801553197793,0.22834652345799336,0.6720589566976441,0.6024720788205733,0.5979650569644089,0.37906360122675664,0.874938897538442,0.4245543349183274,0.9020970470922198,0.8546940144917244,0.6665066613480716,0.7103087617756536,0.8158056992191072,0.1760064981049345,0.8626036734442979,0.931922766134977,0.2652109444075887,0.17908261950815144,sub_coh,coh,42,190,logreg,site
0,0.7818372945393214,13.83,0.815763701133436,0.8640711636476273,0.877611256489079,0.8278969375854437,0.8549233817589103,0.6746076865337135,0.8466895938065064,0.5292169390910939,0.7874247525295901,0.7111307840771257,0.7214226621462112,0.7362339312657362,0.7436777931431743,0.2548303544472807,0.7091366965482258,0.6697983568266951,0.6143236524426499,0.4217649665864889,0.8814235505237478,0.4812176133944847,0.9158988650620937,0.8616044130178385,0.7067666576272302,0.795800253881,0.8517313065066141,0.332704016450231,0.8542496791000727,0.9594956318146153,0.2658472438614294,0.36009572987319877,sub_coh,coh,43,190,logreg,site
1,0.7806646189686912,15.42,0.8123020271065301,0.8699473241330178,0.8612619093776663,0.8035174767760535,0.8558426449865917,0.7027849837113753,0.8345373972799374,0.5188211304277972,0.8294721945869945,0.7259986252566119,0.6828304875833675,0.737039552120385,0.7413476247837932,0.3744683407446837,0.6612288351576545,0.6678118819251163,0.6345516799038662,0.3937118549192169,0.9029072541201361,0.40849441208316445,0.8861003431307949,0.9128038607777266,0.6584356205682358,0.8037101577064252,0.863884651344998,0.3732423538133979,0.8399887191097827,0.9863188072098796,0.324645058266894,0.6035244614067339,sub_coh,coh,43,190,logreg,site
2,0.7756196014389027,14.23,0.8033523723333226,0.8756261582136552,0.8629018507181496,0.8299057598357249,0.8528794067559373,0.678066746935774,0.8230510913437763,0.4772676906054052,0.7955001522048732,0.7565978589087833,0.6660649905863187,0.728491979547654,0.7282670208424225,0.38579029028815714,0.6330996092220817,0.6889663745537694,0.641095574865597,0.43765428213283086,0.8796839023109554,0.3955771940030669,0.907798318240766,0.810626490892029,0.6810777908975809,0.7535617447285802,0.8434719793132691,0.27599540910765125,0.8927497022881126,0.9735318643959076,0.30176766182218007,0.37132812808861365,sub_coh,coh,43,190,logreg,site
3,0.7771194349539489,12.99,0.8205754396437553,0.8602724912237777,0.8749570107893815,0.8284311701147967,0.8576928012182151,0.657069112616891,0.8521234443189514,0.4847966841875263,0.8211849344271256,0.6919928436959742,0.7074762654559502,0.6875754023699008,0.7381815795809413,0.25455866789184417,0.610777405161427,0.6795398847046721,0.6875781609946647,0.3589318624313454,0.8452338304906128,0.3582749578117586,0.8644023680208238,0.8886293822986691,0.6716988160958932,0.7125197477320412,0.8844895459714811,0.2823957790208509,0.9474667943121545,0.9608924532407055,0.4033570811965125,0.34034120444039373,sub_coh,coh,43,190,logreg,site
4,0.7821924924092462,14.27,0.8078559729513572,0.8660034651113878,0.8862590971018238,0.826498802456594,0.8638048981166881,0.6656574702119797,0.8173282663573385,0.5009623814668227,0.8290419937550495,0.7492860673758202,0.7100637663452196,0.7464232252242111,0.746107552481856,0.25836236480897923,0.6898765218370322,0.7036118966033649,0.6427371977904909,0.41519790512092447,0.8994020780369077,0.41728114292319846,0.9127494271785799,0.8787450744673746,0.6887791642057343,0.7625961049929217,0.8411731257107865,0.24882374932918724,0.9065788054768702,0.9031445999643282,0.23324874049068545,0.2642258158293802,sub_coh,coh,43,190,logreg,site
0,0.7779375220271878,13.99,0.8117615164255839,0.8780414224758983,0.8625064878372842,0.8129017151617365,0.8658585945175042,0.6764541533979711,0.8452879826098458,0.5351575062986501,0.823527915708228,0.7157082908463922,0.6774944634040257,0.7329817893149664,0.7403438962261287,0.19846762160921796,0.6248088448026452,0.667260656421261,0.6413345709124253,0.45876226436830464,0.8840220442119889,0.467455340092081,0.9118701491990093,0.8862050296826377,0.7308444076615928,0.8149939082923721,0.8458726394267418,0.2690998139521323,0.8792631820514155,0.9456172245578404,0.2531898335114353,0.2702956617850235,sub_coh,coh,44,190,logreg,site
1,0.7789476833780863,13.94,0.8049047110515708,0.8662558929926697,0.8655449519249037,0.8389637010192441,0.874078800016391,0.7247891425672222,0.8363186116395054,0.47119161398663506,0.7893831608280719,0.711864767930464,0.6659071895112083,0.727478422322902,0.7415052993730438,0.39158811660298254,0.5965163507944908,0.6811534610472172,0.6347070506536329,0.4143898441214301,0.8723459458391591,0.4634334662799195,0.8752513555758094,0.8800830039311872,0.6754602724869747,0.7567851555122124,0.7835179975206639,0.39203231531036475,0.8902940033814313,0.9583836358519185,0.34003947037839627,0.5010225207640135,sub_coh,coh,44,190,logreg,site
2,0.7668051285726992,13.31,0.8037280678816209,0.853959201402854,0.843849418988574,0.8150498277951095,0.8632002125756607,0.6886433040603642,0.8143637295985309,0.6004941812287966,0.8113995828877479,0.6970489697631375,0.6145461795352516,0.7554867746620461,0.7317646520358295,0.33494485667499346,0.6362491278134751,0.6566151900920594,0.6168654058025682,0.4553500483712346,0.8622296930029474,0.49804473170693436,0.9010110752413463,0.8473621470846477,0.5772750486493787,0.7477307452913614,0.8243389327430932,0.27599540910765125,0.8762102738722227,0.9459909954015426,0.26057117841112465,0.39728699790528055,sub_coh,coh,44,190,logreg,site
3,0.7753443275081783,14.53,0.8105953591677928,0.8674416485513987,0.8839927644703665,0.8280939404702843,0.8561937446083354,0.6683789095545639,0.8256730734303913,0.5067230631848583,0.8403753879626684,0.7205616160462022,0.6570888508463164,0.7088965196105179,0.7264615215271645,0.33680849427912124,0.6195709770406581,0.7040474689170733,0.7003412767827905,0.31984053517461836,0.8760634283116994,0.3253197211829357,0.878798669950448,0.8774861120977205,0.6417123722858545,0.7364547656938368,0.8369229035007235,0.2995385538964453,0.8346651373794438,0.9731802778267762,0.3191382583814812,0.4071152252003316,sub_coh,coh,44,190,logreg,site
4,0.7709191857496336,14.13,0.8015080965819524,0.85445037511083,0.8588611867833977,0.8144968610254223,0.8684870184204572,0.6811115509567325,0.8267032423484362,0.49804473170693436,0.791132429232359,0.7722546638495523,0.6635991212138644,0.7314209273869892,0.7152146390320676,0.2742746910412094,0.6276914785401234,0.6566919620484984,0.6616832439381025,0.42888551002903574,0.874491458695745,0.4776173330626881,0.9088649104720381,0.8787450744673746,0.6339293091172874,0.7564036424439433,0.8517313065066141,0.21105343813300004,0.7827797760278129,0.9188017129763092,0.22687056769762876,0.1711935624021845,sub_coh,coh,44,190,logreg,site
0,0.7791261775891823,13.83,0.8142853760044855,0.8684277373616995,0.859738987582466,0.8318347674236599,0.8332125994203664,0.6790955656031008,0.8372043111338431,0.5663377366559472,0.7995641810474942,0.725563146883158,0.7388248273449096,0.7138683779133117,0.7269616342996393,0.2567681313835087,0.6686137419493964,0.6614837354179649,0.6993428532830941,0.4507105071351708,0.8796410642977569,0.3829396327415659,0.9468163773301365,0.8875962494487185,0.6141981206683014,0.7896828414633029,0.8318251899358821,0.21105343813300004,0.786317234283335,0.9459909954015426,0.23324874049068545,0.3794146569735416,sub_coh,coh,45,190,logreg,site
1,0.7736711367164186,13.08,0.8140098203125687,0.8711753003146963,0.8535747655103094,0.8218647380877744,0.8582797736979523,0.6788607878715447,0.812865543353229,0.5056594845626667,0.8443705008098915,0.6770448618157181,0.6952421622094752,0.718464886114696,0.7219372151473807,0.26470674393952337,0.6849941524908216,0.6648993348217973,0.6433052098917897,0.43270992539767644,0.9051424431128133,0.3384178239137438,0.8993818273054798,0.8936952739631148,0.6520857745861077,0.7153206597192325,0.8267343189572216,0.23936260128984652,0.827028578768949,0.9598578410469673,0.39804397397288566,0.5318704999349755,sub_coh,coh,45,190,logreg,site
2,0.7654306103524435,13.93,0.8090603569531202,0.8570902691533496,0.8494936717759489,0.8256841196206743,0.8537428553329873,0.6414382012991979,0.7897853128147353,0.4657340134770578,0.8547652882381986,0.722622590480022,0.6593376784308013,0.6895377403265796,0.7250952907705961,0.334491365834124,0.6880731856447018,0.6579674672943553,0.6278070390451552,0.3813609707813698,0.8884076048627377,0.42638817810924945,0.9018969084955468,0.8587616857190089,0.5983565436305277,0.6925126821692086,0.8517313065066141,0.21670252134961526,0.8294437511708305,0.9735318643959076,0.19431433392394148,0.4638196394989779,sub_coh,coh,45,190,logreg,site
3,0.7727438251172781,13.37,0.8183435894472326,0.8809695609971018,0.8687337958414492,0.8183803759188069,0.8048553312127232,0.6274119617169519,0.831066079228676,0.44910716659314787,0.8079220719538746,0.7144306300253108,0.663112951801011,0.7406224258986822,0.7385203199966848,0.34176158013208363,0.5969994042017127,0.706390145441649,0.6785961068660796,0.3138101461734479,0.8847499815018371,0.4108154431642235,0.8873908456563243,0.8988467683867145,0.647235431578436,0.7746216162996652,0.8264818586854082,0.22905732750907484,0.8143444463982514,0.9735318643959076,0.35778986328022727,0.5514271087513964,sub_coh,coh,45,190,logreg,site
4,0.7765161858779992,11.84,0.8118535230802248,0.8516614209384112,0.8581347809446147,0.8238783977940658,0.8481314684704515,0.602432689844083,0.8328613000959595,0.45719916221543205,0.7971988037498364,0.7490455273806949,0.6818909386368082,0.731334301249209,0.7613737953416072,0.2998573256875487,0.7112066118984863,0.6720285660029727,0.6557139879163036,0.401216378568968,0.8948274687198253,0.49037998274684647,0.9112297022980529,0.875354800639593,0.6579193916634529,0.7112238649287026,0.8719500503341662,0.3545131613235805,0.9162584041180012,0.9176439437546587,0.34805143742968514,0.35344071053124526,sub_coh,coh,45,190,logreg,site
0,0.7765524899245141,13.45,0.8087270285837688,0.8689501630091188,0.8764359657908491,0.8129907260296463,0.8514583152309844,0.6520756961938491,0.8472581643965316,0.5617008775971605,0.7856810461160131,0.7087505888065306,0.6916193279503001,0.7518248542429555,0.684138206276243,0.2829987594378876,0.6366775572739912,0.6968472933242874,0.6557746231229074,0.4885897325728467,0.8826575467011704,0.3938728427270866,0.920638907035371,0.8663428418967719,0.6638683602266662,0.7923268243960425,0.8556119324643513,0.2707623803491623,0.8413878932273338,0.9598578410469673,0.17106098336422854,0.41195768468608834,sub_coh,coh,46,190,logreg,site
1,0.7799684409997488,14.4,0.8124125376864814,0.8709503993734083,0.8755803267931356,0.8177983904821694,0.8525470119699167,0.6886755033351717,0.8408158378556793,0.5109624765978067,0.8117712832162908,0.7739792735910511,0.6591301771093618,0.6957471239211279,0.7363667827976003,0.2744897717752375,0.6521826238915499,0.6877643974075194,0.641095574865597,0.4371159060018499,0.897187498936146,0.3477323096667021,0.8848868047622983,0.875354800639593,0.6991569833675096,0.7347752496566025,0.8600711069992784,0.2437283228004802,0.8538528849413958,0.9587666502952666,0.37491735244504415,0.5101720296039304,sub_coh,coh,46,190,logreg,site
2,0.7796750454094915,13.03,0.8111766447882626,0.8494047168000387,0.8568052808528392,0.8204473951767296,0.8723736283018977,0.7086652670067196,0.8283717713731724,0.4837731941725732,0.8428721784099872,0.7349059640328439,0.6979148995039856,0.7490062356001478,0.7259132083820521,0.38507283636468703,0.6704230489934834,0.6980533783645284,0.6052224548104724,0.44908361852886775,0.8871024243594854,0.3430367393377146,0.9394071877673129,0.8824904362789441,0.6153923849664813,0.7929119188760847,0.8037101577064252,0.3157691034879084,0.9013738368034302,0.9745309345281062,0.18223056925995146,0.44931126581370046,sub_coh,coh,46,190,logreg,site
3,0.782618429491809,12.45,0.8216232327046982,0.8645766899347039,0.8717320937997551,0.8092458345066323,0.8491960381561442,0.6839350151499366,0.8566788299017992,0.4971079977733675,0.8494258880596297,0.7268148831499047,0.7041638398098717,0.7205320918988016,0.7334382245924257,0.3744683407446837,0.6616416072915359,0.7169364627389929,0.6803100928654232,0.40926687244003973,0.8452338304906128,0.4414208465064475,0.8981278780641813,0.8997726524996177,0.6514892419126965,0.6868425886983355,0.8473359966996709,0.3151789692041012,0.8201721130103695,0.9731802778267762,0.26997696711555513,0.5099446255101803,sub_coh,coh,46,190,logreg,site
4,0.7808548626739772,12.96,0.8216935364826776,0.8709332645698045,0.8670220233135443,0.8198922455515439,0.862691135106498,0.6852369475980261,0.8302128846361423,0.47119161398663506,0.7916261302718601,0.7292038682795707,0.7033943613382089,0.7098738358287372,0.7481359595129161,0.2677074651655343,0.6567938314095407,0.6776129210348274,0.6467647861357522,0.5046731247502187,0.8942179777481387,0.46972009418703675,0.9322763738202849,0.8422016076903167,0.700760500203444,0.7153206597192325,0.8345024374866095,0.20926267173873628,0.8171100284014352,0.9188017129763092,0.31072154085399323,0.3022082338449073,sub_coh,coh,46,190,logreg,site
0,0.7602330451688613,14.76,0.7897702714831061,0.857531105759709,0.8704668760032335,0.7995643901008054,0.8470898077899616,0.6295195733541868,0.8399449959984979,0.5100971204807923,0.7605884880594325,0.6793051959981505,0.690269277426465,0.7141496254888039,0.7213869612944649,0.2533196165841182,0.6080095778004316,0.6323433793884881,0.611852732432821,0.3826360981071922,0.86125880004203,0.3921233724314209,0.920638907035371,0.8546940144917244,0.6143809730506996,0.8149939082923721,0.8351402835805659,0.24882374932918724,0.8150632060946135,0.9086352785702457,0.21160033035434617,0.39728699790528055,sub_coh,coh,47,190,logreg,site
1,0.7576564290438765,14.12,0.8002449135294636,0.8604377503945831,0.8423516565296805,0.8011248034309372,0.8566713768911609,0.6560774049112512,0.8230745058735816,0.4772676906054052,0.817282530062875,0.674302059187349,0.6525723773725601,0.6866600190437008,0.7220273381263922,0.3575805967768757,0.5661643022476988,0.6446205679389886,0.5460878428757995,0.3937118549192169,0.8605713107337698,0.4329793408687645,0.8630211792559382,0.8600807609106027,0.6424483992916363,0.7204373876674649,0.7843127512988861,0.36102762993640103,0.8562560993631259,0.9587666502952666,0.3785696706885606,0.41195768468608834,sub_coh,coh,47,190,logreg,site
2,0.7568298274313133,14.04,0.8039719102337393,0.8412895082863996,0.8578534534135037,0.7931208705468342,0.8298917099562371,0.6562039107466737,0.8178188365782072,0.5902746839073856,0.7823094479246641,0.7112975010037682,0.6195230127458683,0.7029057519177194,0.7255805547514909,0.33077464077569546,0.5757108762607844,0.6829369242879151,0.5545524390867688,0.3730132099994771,0.8871024243594854,0.37161206058812873,0.9087598544312749,0.8425094847488008,0.5732024689369198,0.7060995256783272,0.8177777404450224,0.27132603838218294,0.8954323838738324,0.9347638659054756,0.24282826141974656,0.37132812808861365,sub_coh,coh,47,190,logreg,site
3,0.7632518336159528,15.2,0.7939054865105297,0.8572014544566906,0.8604241753936662,0.8059109851925669,0.815827444264238,0.6907775534718655,0.8414713780632442,0.5009623814668227,0.8134335212091497,0.7018789736277781,0.6767780653341949,0.7000067486744338,0.7088113654809889,0.351530643042087,0.5773704747302713,0.6839933172332766,0.6856635217574425,0.29319915695494014,0.8471877922684596,0.16931860658216172,0.8909367839732248,0.9049001116472853,0.6887230299898497,0.7019165333888521,0.8182521040375071,0.2804643005156117,0.8322965326259104,0.9735318643959076,0.2831285370770023,0.4384691034584512,sub_coh,coh,47,190,logreg,site
4,0.7546142677525688,15.32,0.7905123634758363,0.8452057287680201,0.859919850194895,0.7885613857582293,0.8320536007438682,0.6534924970105215,0.8307423054699133,0.4772676906054052,0.8042757385934101,0.7089967268314888,0.6852551062469318,0.7127580519502625,0.6917826283647193,0.3464293485806162,0.568328598591937,0.636004443388348,0.5792659429681563,0.3821051616840542,0.9045080570074493,0.4292336510158292,0.9053233279008626,0.8725640124587425,0.5805039527438127,0.66825433995187,0.809304543087326,0.21105343813300004,0.8560746441106581,0.8463610120498051,0.13122435288373788,0.4634958137025287,sub_coh,coh,47,190,logreg,site
0,0.7818089629246573,14.66,0.8064697193447508,0.874692838764086,0.8828303556141803,0.8188815053178415,0.8538451417503601,0.6755587653382351,0.8541253112899487,0.5109624765978067,0.8122635754385056,0.6964518740123632,0.7013777964426995,0.7087543066926433,0.7303412745035366,0.2881038861788221,0.6546480632654492,0.6901480488726779,0.6504754693002097,0.4734168160228027,0.8960842076613351,0.424825574185242,0.9397097680533966,0.8422016076903167,0.7269301039900903,0.8130484912861053,0.8400817261080032,0.3380456759403338,0.8623519191980648,0.9608924532407055,0.25125343669173,0.4638196394989779,sub_coh,coh,48,190,logreg,site
1,0.7847134683700199,14.47,0.814817673347906,0.8671606330425198,0.8773539357672175,0.8149701627208872,0.867012949031521,0.6810300892813549,0.8448658726153536,0.5307331489470103,0.8405730926341464,0.7069899560388326,0.6800617722048223,0.7175370370837426,0.7347614604036905,0.40547076114192765,0.6849648014522525,0.7082066331942578,0.6477566069267131,0.5048886742668179,0.9029072541201361,0.38402998796222176,0.9163356326836278,0.8997726524996177,0.6208109100584516,0.7475404929907239,0.8473359966996709,0.28848513451072205,0.8992368742368743,0.9728206500483728,0.3656904195346184,0.4782361696760292,sub_coh,coh,48,190,logreg,site
2,0.776416772745299,14.56,0.8058974894209885,0.8766676210038801,0.876866813083603,0.8330963156511664,0.8747835236953011,0.6885691481624612,0.8248779441583336,0.5819645741164793,0.8206042526076398,0.7273827488240479,0.6349392586950253,0.732528945341583,0.7223341750546449,0.3661098194343867,0.643032412122645,0.7035020343675323,0.6279229794279455,0.4236322798971574,0.8531208566237989,0.3983072579051384,0.9230626376660213,0.8168839328358902,0.6460670392558937,0.7319240097388614,0.8305608351458309,0.28075013933652987,0.8873249340175038,0.9487290559699222,0.3320814046074508,0.36150870406189556,sub_coh,coh,48,190,logreg,site
3,0.7711529630848284,15.09,0.802918144227683,0.8501466594676421,0.8726704945511162,0.8045714919734734,0.8341256907105458,0.6740830817704404,0.8447585866500239,0.4772676906054052,0.8277390261500087,0.7198583197820738,0.6978902798038372,0.6927954105622921,0.709383211722423,0.3744683407446837,0.6452243397544175,0.6845413926844929,0.6585522867325438,0.3821051616840542,0.891604634361688,0.3468770298171337,0.9100103671704254,0.895851397420518,0.6613950815917177,0.7685398711246221,0.8500892914172836,0.27132603838218294,0.8445319837632995,0.9487290559699222,0.2674978760711733,0.34980875680186474,sub_coh,coh,48,190,logreg,site
4,0.7752835263243885,13.94,0.800899590971543,0.8714186174972842,0.8842112749982828,0.8196831214849205,0.8339906120012169,0.6949615419120481,0.8288655489383877,0.49268502478446247,0.8044387735209163,0.7344814651887281,0.7002054331446905,0.7170358012520626,0.7021287368575987,0.2742746910412094,0.699098514443882,0.6344697136663178,0.6188695735097721,0.45635924187896354,0.9128255338532376,0.5898775925266788,0.91837290688436,0.8739222121040787,0.6637636872930991,0.7564036424439433,0.8473359966996709,0.19394356511465888,0.8171100284014352,0.9043499004553388,0.3278376953260359,0.2959822988445595,sub_coh,coh,48,190,logreg,site
0,0.7777806660166191,11.89,0.8154766530080223,0.866914279480098,0.8822623377627876,0.826498802456594,0.8572976131060039,0.6770175113138337,0.8402328817510241,0.4782424966779837,0.7700332475300797,0.6891503480445121,0.7010846746021443,0.7155632767323404,0.7281534445007538,0.34218250122477734,0.6594920605584452,0.6434664745490826,0.623259758438911,0.4836123826018417,0.8840264668351098,0.35694495278370886,0.9236557487812573,0.8691760516490074,0.6826007185461471,0.7810200341411339,0.8638160075588411,0.2539683154656343,0.847384251011756,0.9731802778267762,0.20424471699219215,0.3677604694958436,sub_coh,coh,49,190,logreg,site
1,0.7818855310990652,14.85,0.8075027854783992,0.8646984330569742,0.884003741347652,0.8359307680995856,0.8609042223331754,0.7247891425672222,0.8390344114925069,0.44278464983776844,0.8405730926341464,0.7363505510132149,0.6810731510375246,0.7252396610831326,0.7211484319516295,0.4625759618266533,0.6579454141166652,0.6715325722424077,0.6344697136663178,0.40233093138915116,0.8964217872044286,0.3257207895264877,0.8720398258938005,0.9030834201917752,0.621406105113142,0.7475404929907239,0.8071921840976028,0.3495103056984039,0.8500314024595725,0.915341987938607,0.25097295213501386,0.4506179327766306,sub_coh,coh,49,190,logreg,site
2,0.7766454602714444,13.5,0.8090862732604744,0.8643313600098661,0.8691507481488637,0.8145317214787542,0.8706530364719018,0.7058294570405133,0.814992458496224,0.4565839117473397,0.8467828566141956,0.7457961594635993,0.6403331434818992,0.7398103966192948,0.738382453692308,0.2964268653215516,0.619382010006062,0.6949596790983522,0.6322578113312338,0.49563445966855696,0.8733130384518936,0.3694774491443424,0.9186473057957514,0.8742430166048308,0.5970456901566681,0.7536907671441597,0.8318605301101137,0.19193587581504198,0.9319065876031591,0.9487290559699222,0.4141284525009305,0.4272399121541457,sub_coh,coh,49,190,logreg,site
3,0.7741601629551079,14.53,0.817560757968167,0.8678377993289385,0.8753338349435384,0.8306286393120461,0.8425474437409325,0.6531171394057997,0.8360974883884197,0.4565839117473397,0.8251419887595436,0.7206365501318113,0.6927986728223078,0.699491662119535,0.7267537300779338,0.3065612710145038,0.5957266883145801,0.7028081491192955,0.6735593771118458,0.35642970410716834,0.8348749700179634,0.32130745112862813,0.8921325803411477,0.890989956213367,0.6822669410893666,0.7153206597192325,0.8600711069992784,0.28574541117881896,0.8322965326259104,0.986679226547175,0.22442593185474133,0.31787410729490584,sub_coh,coh,49,190,logreg,site
4,0.7775723019321935,14.63,0.8177819151557929,0.849164051678243,0.8598948057339902,0.8298633543287195,0.835887778383859,0.6656574702119797,0.8530641793485015,0.41882976366601815,0.7895504209123705,0.7246216352920901,0.712711860719952,0.7277467616682399,0.7151932216276337,0.33494485667499346,0.6753529445273296,0.6740270634597256,0.6160547854695893,0.4722136924283945,0.8760464296979458,0.6086432880657717,0.8947477907396315,0.8456755493221131,0.6640895290639588,0.7475404929907239,0.8007548727819236,0.2332218663488312,0.8722281796352453,0.9347638659054756,0.3602842790097961,0.291277254931365,sub_coh,coh,49,190,logreg,site
0,0.7771042981502136,13.88,0.8069239189115575,0.8621684859616535,0.869662412497744,0.8353033268024206,0.867012949031521,0.6801618493954529,0.840858180933766,0.49075691526076515,0.7839844801410578,0.7106163158100581,0.7036743946330767,0.7138722866306443,0.7309099039712226,0.27687275608393735,0.6100136744295968,0.6764063191691098,0.6164460944422882,0.5098221761334325,0.8766222899720595,0.33854468760448925,0.9294962933507369,0.8768568104759442,0.6655109881252402,0.8122955122036567,0.8434719793132691,0.23936260128984652,0.8706859862376244,0.9735318643959076,0.2560414220043864,0.29387366337989207,sub_coh,coh,50,190,logreg,site
1,0.7796906224750987,13.37,0.8062135424345471,0.8743963030772535,0.8588157336306853,0.8096505400229983,0.8733241211450814,0.700440001564305,0.8255662034433829,0.560503916427198,0.8414184930277773,0.747158966130341,0.6789045994246017,0.7341971711472173,0.7056050681010476,0.4013008280670894,0.6789848635966146,0.6806736919601206,0.6368637193570411,0.399400089764624,0.892051994743096,0.46972009418703675,0.9391759309998372,0.8787450744673746,0.6876194980641026,0.729559695229681,0.8540855234362431,0.20015395196393074,0.8768211477762579,0.915341987938607,0.4141284525009305,0.5101720296039304,sub_coh,coh,50,190,logreg,site
2,0.7723146561573866,13.93,0.8114689214008174,0.8590796673995049,0.8568515367520256,0.7956790651270885,0.8327766501005026,0.7105402693911682,0.8301654277741722,0.5821061961541334,0.8207078835427092,0.7486998243285117,0.653620903823883,0.7331465154773833,0.736064736266728,0.33076507227684254,0.5806816457443413,0.6594886499700681,0.6413345709124253,0.4909534632915077,0.889685640843173,0.44910716659314787,0.9352482705410036,0.7861722011108871,0.645912117038551,0.729559695229681,0.8149939082923721,0.24431197263336,0.9211381283507852,0.9608924532407055,0.22861014590814727,0.4638196394989779,sub_coh,coh,50,190,logreg,site
3,0.7689994242689728,14.03,0.8196742264660134,0.8596770462220676,0.8786407818765557,0.7971303780020023,0.8477142770836658,0.6371549923479137,0.8445709724804962,0.4559668754267303,0.7929902434479642,0.7249556790987647,0.6786547719576537,0.6814964452697932,0.7220489825156206,0.29148501177167746,0.595285938893113,0.6520100489881918,0.6719682035227111,0.3055672079365623,0.8509215937936598,0.44278464983776844,0.8848868047622983,0.8712855985947734,0.7285204037365335,0.6925126821692086,0.8267343189572216,0.19471576412358002,0.8507795995261415,0.986679226547175,0.20017824244784768,0.36009572987319877,sub_coh,coh,50,190,logreg,site
4,0.7671037971103298,13.41,0.810973439778375,0.8578505652853877,0.8772415017406548,0.7874372205054221,0.8305479848212357,0.6748221413921722,0.8306360642604516,0.41882976366601815,0.791132429232359,0.7489804709503274,0.6825628635147282,0.7209759650404057,0.7055412743705809,0.2600273617675216,0.6243783027100197,0.6454831298623847,0.6215100769807648,0.3813609707813698,0.8886181148293664,0.3938728427270866,0.9312674469003166,0.862957619445859,0.6736765896056228,0.7050151613982901,0.792126697613153,0.27804836921098847,0.8657844681716412,0.931922766134977,0.21160033035434617,0.22468914064658746,sub_coh,coh,50,190,logreg,site
0,0.7750409601967767,14.67,0.8045919121169638,0.8576940901880312,0.8709305939255312,0.8040127201193038,0.8608923283682407,0.6721703693412671,0.8486575230872435,0.5950922305474869,0.7891704614313823,0.7170705497758988,0.7171671923762338,0.7017324558110364,0.7136425694434767,0.29719013488157825,0.6589171316387683,0.6757851479936198,0.6576969367639565,0.4240163385533448,0.8893708771812527,0.3131162857116182,0.9118701491990093,0.8645045715965485,0.6398018419099996,0.7961968048253177,0.8483659436901178,0.3252774132946524,0.8560746441106581,0.9459909954015426,0.2197820329284285,0.41195768468608834,sub_coh,coh,51,190,logreg,site
1,0.782784599918589,15.86,0.8089396502077527,0.874658854722051,0.8837111615966089,0.8317883124021989,0.8792753627797372,0.6892477483234354,0.8251443196799514,0.4565839117473397,0.8549967730852155,0.7186473377145391,0.6856294648266572,0.742944415423968,0.7259687023617631,0.4677171176281273,0.6475682685309553,0.6806736919601206,0.6397909829792572,0.41619549176385434,0.8855067705582375,0.33260106194972056,0.8800304623705473,0.8739222121040787,0.7071258590155475,0.7293410112290941,0.8638160075588411,0.21603211316970514,0.847384251011756,0.9184619501451184,0.33798049976591565,0.5895413097540757,sub_coh,coh,51,190,logreg,site
2,0.7735405816334596,13.29,0.8001387902955377,0.8707203926268995,0.8568210004047265,0.82097135769055,0.8623671142708744,0.6801618493954529,0.8391284624978733,0.526018012510116,0.8507468169673198,0.7427038505813515,0.6539779424074011,0.7348493083999076,0.7231644835740326,0.4004699197706268,0.5614611164869052,0.6730124833679124,0.6052224548104724,0.4289713370024612,0.9000342663807034,0.4271370666659344,0.8959594633746865,0.8446384935576214,0.6810777908975809,0.7385836183325384,0.8292329438028206,0.2675454209392314,0.90376329251838,0.9870210405759354,0.22442593185474133,0.3794146569735416,sub_coh,coh,51,190,logreg,site
3,0.782802499407227,13.83,0.8094469405081541,0.8602724912237777,0.8862149464656455,0.8330927488006236,0.8638420062148876,0.6697681334395859,0.8442762062057454,0.5219739108746063,0.8151361974607588,0.7334690713048668,0.6857952422810731,0.7242074728045286,0.7071586735850395,0.3983555023415283,0.6693070997681809,0.7334049557694268,0.6865709243960512,0.3783902387794558,0.878923654065116,0.33395522579070175,0.8969493306857804,0.9007914245642156,0.6399147692679329,0.7477307452913614,0.8389862939179693,0.29463645266752997,0.8078824393079337,0.9598578410469673,0.4932278440938082,0.5010225207640135,sub_coh,coh,51,190,logreg,site
4,0.7730027228204349,12.45,0.8012316138153557,0.8550976608578221,0.868982350749268,0.8192623298493551,0.8647995962863907,0.6823456834253492,0.831514104565729,0.5136264929483223,0.8023319825485266,0.7550669038112705,0.6883285710301775,0.7456711004305655,0.7208247905538048,0.2113034442040377,0.613086362108584,0.675636139184541,0.6285857839173401,0.4235720386908211,0.8823067760385723,0.4474492379929433,0.9100103671704254,0.849111425325352,0.6836703594973947,0.7194455940090044,0.8517313065066141,0.23814292406802737,0.8532870004989331,0.897125298853554,0.21039736817831117,0.2767909500969218,sub_coh,coh,51,190,logreg,site
0,0.520670265448955,36.13,0.5824100711009189,0.6725115076524855,0.5554722246079735,0.7818728630139872,0.6368560188460679,0.3222488238456905,0.6055558281452584,0.2575551379135029,0.5258562591606777,0.3987690698421509,0.4335064614555612,0.38341575190353794,0.38521166082165026,0.1438342921382702,0.36010432595012554,0.30964274540853415,0.2851800716114564,0.156079461947701,0.40899915906086676,0.09643128284395204,0.3136079607996086,0.4356198917147368,0.2889258405896278,0.4298152477868814,0.6292068017334427,0.10305129485622902,0.30902613594306827,0.5653410414482737,0.07998240977531808,0.15963562043409432,sub_pow,pow,42,190,logreg,site
1,0.5192936230262586,36.65,0.6007471866867952,0.6480255368163582,0.5568688955112643,0.7342480120563314,0.6269557455830689,0.3181056946247413,0.6060680404523806,0.27879751921145335,0.5563372214443681,0.38398105618533623,0.37868290782846836,0.374834171017318,0.3427100057422422,0.21376078988842132,0.36699285260499626,0.37825447555155284,0.34206599119446696,0.19075017181156487,0.43714679775273624,0.12009604476226207,0.3315194641094868,0.5816868993769435,0.34690985430918486,0.4667561440372395,0.43824695174105155,0.04592420910067092,0.3712471104480884,0.5955021186680356,-0.0015482090856415737,-0.001591879367085256,sub_pow,pow,42,190,logreg,site
2,0.5148010459159551,38.15,0.5769854583977906,0.6752547041296275,0.5303832322703267,0.7595593954279405,0.6120264084425566,0.2867957834889554,0.6097063428315564,0.15149513991782879,0.5716818504426264,0.3873681885967791,0.4124936822025286,0.3584115972885642,0.38783484974509924,0.1825225771951624,0.4045352718897823,0.3340998016137059,0.2948818175613056,0.16823832450313664,0.43879443009469626,0.11121825216623046,0.36062174086630405,0.5109068821143948,0.21278174447560763,0.4263214808567623,0.5725633146509983,0.12735533077571504,0.4156464073415068,0.5534137021407178,-0.001340686804415347,-0.0017439486587719313,sub_pow,pow,42,190,logreg,site
3,0.5232464211458681,37.9,0.5663145636629144,0.6973063207674445,0.5964193335498184,0.7197150283607221,0.6233721388631419,0.3674851057632939,0.6413294306033003,0.17728701997600524,0.4768102868274121,0.3969592489056992,0.39078538023098974,0.4550661687035517,0.38473891361504037,0.14257630388809847,0.35563879805370757,0.3427645073249954,0.27267329913778016,0.14098786014999967,0.3932441094847032,0.03442054263778642,0.40237075284771057,0.5335703897083917,0.3942379997423926,0.3871338621184964,0.5619004498453926,0.17097659634153972,0.30961154177180994,0.5734755122996799,-0.002323194059789613,0.15963562043409432,sub_pow,pow,42,190,logreg,site
4,0.5223163000826647,34.26,0.5963210091828501,0.6595973481983088,0.5497274920011129,0.7559523281347553,0.6233700209240807,0.3399968534735668,0.5937946605005161,0.19985953777684337,0.47753555600224895,0.42334307431008916,0.392768454104592,0.42873359970276137,0.33711681932327026,0.18915648371166457,0.33983367180099605,0.35504277265587136,0.35424992250957904,0.1536681944165694,0.45977652804555774,0.19636753074695076,0.39792027037615146,0.5654130802654906,0.26776422173550907,0.4460857476945039,0.5295053010094274,0.08842464001757556,0.32429133778730773,0.5424563017091183,-0.0016973360819023224,0.14908501651796102,sub_pow,pow,42,190,logreg,site
0,0.5252515295268692,35.58,0.5904197420601485,0.676638953194787,0.5737011497069793,0.770862744791254,0.6436469563651651,0.3368999543599687,0.5974804391195009,0.3032125259873406,0.5058029850740184,0.4001254019466577,0.4371913316728667,0.4072703961626253,0.350836382738024,0.12140097605341202,0.37827285086206913,0.3155730018567696,0.2932296476403822,0.1374722781199719,0.44605944385101237,0.08820432280855589,0.3368174975682203,0.5044857829213187,0.2789207272627919,0.41354474787925893,0.6146648554023607,0.06775621192339012,0.30013564048397723,0.5424563017091183,0.07376799077372197,0.1909683380391834,sub_pow,pow,43,190,logreg,site
1,0.5215730837080358,35.16,0.5953164143922149,0.6677799445071142,0.5671806350573337,0.7574102110756769,0.6232080844692991,0.3373821045448599,0.5983524823737209,0.24869468933087452,0.5321790971019166,0.3849444478123267,0.37356590413790464,0.38258910260719076,0.35899886373772194,0.25393767052065974,0.40251866459835745,0.34925443569966597,0.3179516285261126,0.16642637069567492,0.4212071689026156,0.06970200586291951,0.3222683314358857,0.5622477044888138,0.37915248911435406,0.393570270312119,0.40901196016572816,0.03522327666375904,0.46524922142338193,0.6245073688806011,-0.001340686804415347,-0.0014237122887619154,sub_pow,pow,43,190,logreg,site
2,0.5265334668388018,38.55,0.5849873092731891,0.683251558397718,0.5506750670354453,0.7871109839500733,0.6225638583164423,0.33867076254713124,0.5992274116853425,0.11245898537290264,0.5769416073924053,0.39050147835454035,0.4531683827646023,0.3617794049689107,0.39567254658783263,0.2312349417584221,0.39563262860992077,0.36280582450981264,0.30281633777621736,0.16823832450313664,0.48184778409547296,0.04376058721712106,0.4001193826310658,0.5335762664421012,0.19185933442226466,0.42574138808849715,0.587169340125196,0.08922009864530142,0.4090724227487299,0.5292169390910939,0.08618122999779232,-0.0021363780659706642,sub_pow,pow,43,190,logreg,site
3,0.5292649433515993,36.03,0.587094464275795,0.7012832548589985,0.5823225247777565,0.7641370025566605,0.6359974031814011,0.3411219409289343,0.6334866679838883,0.21412746714925324,0.5148946589632537,0.3915844118794535,0.3977489628121304,0.43200272445201554,0.36060463791218744,0.11302342459799058,0.3445014140757014,0.34702654432117375,0.30901679670337334,0.18799775929016974,0.385453810811214,0.13793608685145514,0.382067952353965,0.5286727853373628,0.46664897675868355,0.3871338621184964,0.5375671335996579,0.08922009864530142,0.3900000868858188,0.5575370585438514,-0.001896448587060455,0.08547990774435148,sub_pow,pow,43,190,logreg,site
4,0.5183959646144477,36.14,0.5837572870325205,0.6741539880267869,0.5432691983214162,0.7805548890109342,0.617063041296609,0.33358190894161077,0.5899023894747721,0.2575551379135029,0.41844231108204616,0.41723190319721887,0.42462187562663395,0.4059680968654103,0.35022507000048886,0.1809976897895625,0.33533503750972693,0.3430231207041721,0.34562022613504517,0.1536681944165694,0.4410144369841683,0.12426407905095942,0.39825841307217547,0.5888428029903678,0.18768187123966545,0.4264316069289357,0.5427161430671265,-0.003538344155938144,0.3411687428032623,0.5307156730436438,-0.0016973360819023224,-0.0018838226472682395,sub_pow,pow,43,190,logreg,site
0,0.5289871953224127,36.66,0.5890865849709581,0.6841645167322589,0.578954282537488,0.7878611530890698,0.644455543913624,0.3188303080422036,0.6154624642741671,0.22245368301071955,0.4922870181362252,0.41503193580417813,0.4519993734526108,0.4184711577668276,0.37124307839865645,0.11089540676950803,0.37575535432839396,0.33735290231129184,0.2676701509218123,0.11746311917034594,0.41624288363594675,0.12886297605422214,0.3320027160954303,0.46518511466262286,0.2933173689289209,0.40901196016572816,0.6245910244073134,0.1604408135922413,0.3142907303927821,0.6379111357228425,0.06101237976396777,0.07353548634820521,sub_pow,pow,44,190,logreg,site
1,0.5208026993471021,36.89,0.5950373637546282,0.6740104103295635,0.567362949648285,0.7319797409144653,0.616385119132224,0.301991450368297,0.6136584985187051,0.32279145106685464,0.5049747240518998,0.3993457622233184,0.3804938874356803,0.37579394406378325,0.346295058595534,0.1783008822662977,0.4071278125121385,0.38215931013785726,0.34407432412672456,0.13644378819721292,0.42633385290099957,0.07625835209360136,0.348910127636645,0.5700198674054082,0.4050035192976417,0.39150702830414497,0.43813443362324045,0.04254445506032675,0.37592006877475376,0.610288387720468,0.0967332946009514,0.07887589889341304,sub_pow,pow,44,190,logreg,site
2,0.5216965453058328,36.21,0.577289251440399,0.6837432803379434,0.5501848088320209,0.7732730024229043,0.6130282298515191,0.30232919210108405,0.6099469850771764,0.1441733295335656,0.5556127655637306,0.3802903634330404,0.45956568697020933,0.3715480011651219,0.3907473603021501,0.1825225771951624,0.396672540408389,0.34064036344659165,0.2888735782837498,0.16466293199831053,0.4671705769012903,0.11245898537290264,0.4334943960937518,0.5175623821770573,0.18843875776617458,0.43902834446733435,0.5990771482757578,0.0958150240658545,0.4243900826873554,0.4971054235222425,-0.0017310815667047285,-0.0018838226472682395,sub_pow,pow,44,190,logreg,site
3,0.5276748521789855,36.4,0.573721502333805,0.6886718087739779,0.5932301001476451,0.7511092739374482,0.6215001109800504,0.3634669773615395,0.6471947119988765,0.17060047847632479,0.5262367619452392,0.3596194768730186,0.4242265282951509,0.4654156700866899,0.3643241909759515,0.11639223009725085,0.3387527642058924,0.38013751484521313,0.3054216986536639,0.16466293199831053,0.3665580532171552,0.13457498003105114,0.44192444891173244,0.5251342182833678,0.412381757089628,0.3740998020278363,0.5558766365707726,0.12735533077571504,0.34420227244222773,0.5617008775971605,-0.0015482090856415737,0.1403319854849215,sub_pow,pow,44,190,logreg,site
4,0.5154550452906053,34.96,0.590225681078433,0.6700970192979584,0.5502531440991624,0.766903522517245,0.5907383604621416,0.3199609329245034,0.5910322690328481,0.1454225198374711,0.4403205126418517,0.42013171634552865,0.40973419881545253,0.40594722140506145,0.3332937746210925,0.1673557556516047,0.3281722559003935,0.36911594764598055,0.3423207342241964,0.1773033900929228,0.4164599627255499,0.19636753074695076,0.3556577624018342,0.591358558446698,0.22186737681757515,0.43902834446733435,0.5498359856307652,-0.0033357298969220587,0.30902613594306827,0.5235735591263351,-0.001518028493822369,0.05923721296291189,sub_pow,pow,44,190,logreg,site
0,0.5251501050977536,37.23,0.5899268195910888,0.6869885779102183,0.5662302536711503,0.7849936349406162,0.6571440324167975,0.3218587688320354,0.6067906488964057,0.30118144449511014,0.4783749571046903,0.3758948716474629,0.4367071228770424,0.4121948634670945,0.37734413988670906,0.11089540676950803,0.3860576443687207,0.32089925631188343,0.25968638657136317,0.12033727239431793,0.40308044390881015,0.10142270946575994,0.33151262136421145,0.49378369356601925,0.307727109838479,0.4174985209338306,0.6436732273804389,0.04592420910067092,0.28963593711743574,0.5925303238735072,0.07998240977531808,0.1403319854849215,sub_pow,pow,45,190,logreg,site
1,0.5277943995934905,36.18,0.6024453495629059,0.664187361245593,0.5773289700606051,0.7540043701261323,0.6293133906370802,0.31832062939897476,0.6000156575084257,0.19326721861859758,0.5512155222634351,0.40755161288481456,0.4015014275702332,0.4060261978661706,0.3563758034461133,0.17212918317820633,0.36799191569723794,0.384135607743984,0.35671339322896045,0.13108930399212254,0.44057406426295204,0.1474723676795238,0.35739437756988895,0.5414892760552273,0.37915248911435406,0.40901196016572816,0.45390271955966865,0.03731268456217577,0.47645801546598787,0.6279203431086882,0.07836222815507494,0.09394982591924983,sub_pow,pow,45,190,logreg,site
2,0.521832534412414,34.16,0.587772510979676,0.6935125256092664,0.5322875681234289,0.7676527360349843,0.6058185912583501,0.3181792670592821,0.6102349180270586,0.15149513991782879,0.5496018397005722,0.4117581368474759,0.46607643606589916,0.3601751431977656,0.3470840407373768,0.20923873842420926,0.41438129011565406,0.32732952877950156,0.3090235483096803,0.15709719499496216,0.4458884667963448,-0.003246799181745396,0.3994946009151269,0.5237403134181821,0.22065155405599168,0.48125701555610917,0.6001229090712789,0.11450937252227023,0.34588142272883393,0.5424563017091183,-0.001340686804415347,-0.0017439486587719313,sub_pow,pow,45,190,logreg,site
3,0.5298709288081792,37.39,0.5734083878450589,0.7048718851073543,0.5955458738893169,0.7553387099725498,0.6384658168331266,0.34616421661346125,0.6384735487915746,0.19985953777684337,0.534291976106135,0.38719450505484615,0.40183370050079936,0.4468885617394014,0.3441423240218934,0.13871058362575645,0.3681656308038338,0.32072666431735913,0.31328496087777447,0.15041983665146735,0.42108280940344156,0.21412746714925324,0.43640829831103545,0.5350187714908027,0.41126328401955126,0.38733834321589267,0.5428473835478799,0.21078708314744043,0.375110759375093,0.5663377366559472,-0.0021901622736687286,0.06533169310358007,sub_pow,pow,45,190,logreg,site
4,0.5185371156811744,34.96,0.5908270057451948,0.655856977886166,0.5563416539220857,0.7770060279844383,0.6104496327938614,0.30218284186746786,0.5858789648833709,0.17060047847632479,0.4558951563886047,0.4264136096828575,0.39092884726263605,0.435149027270038,0.3526003192114169,0.09114148399872353,0.341310666404172,0.3571066430750791,0.35312750418412475,0.1458518540861539,0.42826113872640675,0.15172002132480375,0.41121584462177196,0.5976313971838134,0.2293974985957243,0.40969607509459655,0.5156417948059192,0.033385723693946344,0.26591516414347044,0.568963643212257,-0.0010732455920808733,0.056720023771769906,sub_pow,pow,45,190,logreg,site
0,0.5245133617372525,37.23,0.5904046630354306,0.6897188996369795,0.5642727734474289,0.7737582696966165,0.6445066995460477,0.2902825147816531,0.6222353910430274,0.206640431378863,0.5102378673321851,0.3983367330382772,0.4437049699229601,0.4024502928586428,0.37226101977829623,0.11403843406808319,0.35453761928272787,0.3033117755271459,0.2397717673885136,0.1700148266531365,0.4225141417336189,0.08164855518755315,0.3060018174696761,0.4991614968231136,0.27448439564816374,0.4215623169605042,0.6873745870577702,0.04254445506032675,0.3539355960625915,0.47063728791815,0.07998240977531808,0.15963562043409432,sub_pow,pow,46,190,logreg,site
1,0.5229032759649173,35.36,0.6060117586150582,0.6662106770722188,0.5580018921553378,0.7462141467086434,0.641903506674043,0.3253672177651816,0.616447949370334,0.22245368301071955,0.5294821364267583,0.3933936870553711,0.4057681543853962,0.35967948651103965,0.33711681932327026,0.16164449795081526,0.3713571478957601,0.3500173441073572,0.3331468159998914,0.1623641942793448,0.411432415910882,0.09886935485809177,0.35423256369757344,0.5447453822089479,0.3710365631107995,0.39138617600851516,0.41354474787925893,0.04254445506032675,0.542382730817797,0.5923401593796583,0.0967332946009514,-0.0014237122887619154,sub_pow,pow,46,190,logreg,site
2,0.5222326570632144,33.67,0.5862357177814014,0.6858434392369044,0.5369625556144064,0.7711030901086183,0.6302425198452594,0.30218284186746786,0.6048744150626322,0.18478274641372042,0.5333165018468455,0.41696139163266743,0.43769974264631634,0.37759278031264937,0.35533224369524463,0.2074734039141671,0.3888098089269957,0.3637590590062385,0.30655257327057933,0.18111760811131972,0.4232108550082099,0.11466135505321025,0.4029938352258501,0.5554101489409465,0.20913080591233965,0.41953048544056293,0.5842117885741974,-0.003093706898537871,0.4205773053451049,0.4975897875372364,-0.00109458325950159,-0.0018838226472682395,sub_pow,pow,46,190,logreg,site
3,0.5294546553419683,35.02,0.5824160560510767,0.688513745058653,0.5725131225075725,0.7566434409601314,0.6342546239971788,0.35143135955882876,0.6559026607372347,0.17060047847632479,0.5190978038691382,0.38935746567001517,0.4167977041384194,0.4206835221259786,0.36906648186460156,0.10429746577450112,0.3888098089269957,0.34270062618702973,0.3054216986536639,0.17918454697478042,0.38764359962294165,0.13143133170712698,0.41202327500322766,0.5447453822089479,0.3528245750368925,0.39728501978865893,0.5261179556251109,0.1817477598542678,0.3848260237610301,0.6559142371467975,-0.001896448587060455,0.07887589889341304,sub_pow,pow,46,190,logreg,site
4,0.5154570202204409,36.78,0.5715657334691234,0.6693663601636247,0.5410749825911295,0.7723586345838478,0.6033238669886712,0.3542869449096868,0.5886187046282801,0.206640431378863,0.47275531579609426,0.40860638141610056,0.4034107059517402,0.4072517087307452,0.3602713073278042,0.12575582402944777,0.32790580383666007,0.38901221781405215,0.365190545824118,0.14575265083683045,0.43647181693768805,0.12886297605422214,0.39016200913120036,0.6135743318588481,0.2093243590815622,0.40906483761961804,0.5087758490983397,0.04592420910067092,0.3191786144859935,0.5235735591263351,-0.0013145516256615772,0.07353548634820521,sub_pow,pow,46,190,logreg,site
0,0.5202217709854651,34.52,0.5878315806570149,0.6780219943433659,0.558629304254405,0.7922197454454019,0.6371427955107352,0.30918265490872215,0.6198306486182354,0.17728701997600524,0.4894135847324498,0.39846701861540157,0.4371913316728667,0.4053729606520562,0.37478085488552343,0.05280817450258546,0.35762273852892734,0.3099688013677153,0.29131311067297544,0.12491421123739752,0.40927491226368357,0.12009604476226207,0.29805871072192963,0.4353385057752928,0.27448439564816374,0.46382405748784133,0.5438679751839945,0.03175118044252876,0.28116268309717823,0.5136264929483223,-0.0020086196336395433,0.08547990774435148,sub_pow,pow,47,190,logreg,site
1,0.5220658280773972,34.87,0.5947288263126812,0.6732905805012454,0.5594090232918804,0.7454050721817183,0.6124198477292416,0.3060337443900603,0.6078070221839182,0.21412746714925324,0.5204784194204548,0.40344962534204143,0.39066723145148724,0.37473399742935337,0.3361204551247145,0.2312349417584221,0.40785290253233786,0.33697509402025755,0.34818691496820975,0.19404861870987744,0.4767927436154489,0.13989163002003968,0.3525735277799107,0.5816868993769435,0.40410674965863275,0.42582187987707415,0.4485766787860253,0.04592420910067092,0.46802683147191004,0.550236268242913,-0.0015482090856415737,0.08547990774435148,sub_pow,pow,47,190,logreg,site
2,0.5273585963645137,36.39,0.5813592654064343,0.6781622703697942,0.5363823338162477,0.7819418960987996,0.6612877626211368,0.3174462822087062,0.6197345712129422,0.10572303650679614,0.5732417252477087,0.38052938222398175,0.4351193404719364,0.3735660099071102,0.4026749075853079,0.1963241270732081,0.44667630278084525,0.36724363767418117,0.2998315974563871,0.17398957666254608,0.4458506686850791,0.1205687177913236,0.3705676725950837,0.509802869447854,0.21661658723886634,0.4339177286349669,0.5990771482757578,0.0958150240658545,0.438112990254066,0.4527552754714286,-0.001340686804415347,-0.001591879367085256,sub_pow,pow,47,190,logreg,site
3,0.5301637142098932,36.73,0.5717823612880785,0.6947034190709075,0.5951222818222919,0.7513195459370466,0.6511718685029473,0.36080217795617164,0.6278432587753252,0.23179013281258687,0.5121654886823452,0.385011725833263,0.43846905509185674,0.44921982376390157,0.38070195196171647,0.12292289510624507,0.374895557723607,0.35241344508210243,0.3433151593176079,0.13644378819721292,0.40898892118568275,0.17349462044744524,0.39194081995962615,0.5481259259912588,0.2999436686383522,0.3740998020278363,0.5498123922888682,0.1354839292497846,0.3616349216242087,0.5624430724771897,-0.001896448587060455,0.08547990774435148,sub_pow,pow,47,190,logreg,site
4,0.5109908383074229,34.63,0.5791446176371801,0.6539393223579346,0.5207546268454809,0.7740135216121422,0.616665785347716,0.3514921561396701,0.597982538410038,0.24869468933087452,0.4532795770009408,0.4090395325986117,0.38940991089419225,0.4184711577668276,0.340923402267347,0.16240270408658905,0.356071355908107,0.2918378981210516,0.3557711966757866,0.15888498974046278,0.4031187265841245,0.11280868651063412,0.37802893665427423,0.552874435465793,0.2036909328658041,0.43791777410480204,0.5224625612758149,-0.0033357298969220587,0.3244619272900817,0.5235735591263351,-0.001518028493822369,0.056720023771769906,sub_pow,pow,47,190,logreg,site
0,0.5184664029002626,34.16,0.5773235066613137,0.6855281681992286,0.5639087823810016,0.7698235107456621,0.6247787302770185,0.33183633077002556,0.6025856755378237,0.21412746714925324,0.4906703808105,0.3995936673013827,0.418126007430201,0.4282985501310663,0.35157254011959027,0.05444671792770918,0.3384452436421564,0.34434685834583295,0.2900628154456705,0.161856132420941,0.43997113494463846,0.10142270946575994,0.33151262136421145,0.4828605251860601,0.27306050510309177,0.4073335772149663,0.5928138243714778,0.07835539423886427,0.2733590649952951,0.503894287543436,-0.0020086196336395433,0.08547990774435148,sub_pow,pow,48,190,logreg,site
1,0.5245688018666731,37.92,0.5908729983125445,0.6787699577507665,0.5722685594328947,0.7542365389589973,0.6080304864876145,0.28605291018109946,0.6073825832598232,0.3013439290147271,0.5832230310979245,0.39768009302797813,0.41267563694316467,0.40384174339542483,0.341888728831362,0.1283939300906725,0.3605091939091544,0.3603351402732882,0.35254045161882236,0.1773033900929228,0.42460635669139923,0.16687960291436568,0.364092252943528,0.5655316337608759,0.39326871890446363,0.4263214808567623,0.4300413447848777,0.03522327666375904,0.44925038866065764,0.6064731010289811,0.2256135255737929,0.09394982591924983,sub_pow,pow,48,190,logreg,site
2,0.5237668225083195,38.32,0.5742233533317522,0.6760603626889574,0.5528272162842919,0.7666636736644733,0.6249047802977276,0.31332025385023016,0.6158780550562314,0.09076797361598751,0.5532791135472771,0.40860638141610056,0.462232119983599,0.37840783678021084,0.38672485286456176,0.2312349417584221,0.39698480369104033,0.38104035747254444,0.31664350669714664,0.170101140496382,0.44790961437165033,0.1454225198374711,0.37271403489679716,0.5332718435724502,0.2723507489432295,0.41354474787925893,0.6032287185135247,0.04295626804081823,0.3304550977404982,0.4975897875372364,-0.001340686804415347,-0.001591879367085256,sub_pow,pow,48,190,logreg,site
3,0.531336265063813,33.85,0.5761800627289624,0.7026447104285921,0.5760107074617027,0.7516134635113842,0.6578478253729836,0.3486133160520942,0.6406146518151453,0.17728701997600524,0.5423194988540143,0.38278586022311434,0.4329420636091438,0.4607820076215066,0.36267487918800906,0.0918316681394801,0.35438935463567806,0.35373778864195504,0.3348363879284125,0.17398957666254608,0.39868079905066994,0.18336815481027052,0.4333605157956768,0.5149576597358387,0.377373334470134,0.40901196016572816,0.49489724741737134,0.1938832131132286,0.3142907303927821,0.6212208178827168,-0.001896448587060455,0.07887589889341304,sub_pow,pow,48,190,logreg,site
4,0.516399593270687,38.56,0.5759799895530331,0.6734316423214516,0.540050201874296,0.7657363459346183,0.6049509752514468,0.33009444696739737,0.609778815382011,0.17728701997600524,0.508049775116455,0.41133907329538194,0.3935808506755487,0.4134632426435005,0.34823215497581167,0.150292912954066,0.3200257026171279,0.36426186819945594,0.31356498244749936,0.17918454697478042,0.4581133532980511,0.22322514507070965,0.3967854336397584,0.5410446099523379,0.20232444592050722,0.4424708160112661,0.5433688072129357,0.050081453012502455,0.33526517894402175,0.5167064685417972,-0.0013145516256615772,0.05923721296291189,sub_pow,pow,48,190,logreg,site
0,0.5186180714793382,36.46,0.5778067452095684,0.6870277571202296,0.5675311165076973,0.7673473837009475,0.6410552965006944,0.2902947380961183,0.6139752566800882,0.21412746714925324,0.5258562591606777,0.38509437717110784,0.4032194853564127,0.3991922330808957,0.34392947560913506,0.0896192020182529,0.37148960320559493,0.31718398624720334,0.2506741174848364,0.12491421123739752,0.4277037178866775,-0.0030669322589269737,0.3187821221520067,0.49616464610325856,0.3116703186805433,0.46235624760212635,0.6287298876691444,-0.003538344155938144,0.3659507498763184,0.5624430724771897,0.11440104614257485,0.1265248209805712,sub_pow,pow,49,190,logreg,site
1,0.5225875192001299,34.96,0.5862441158762701,0.6740104103295635,0.5675479475777415,0.7392884891549845,0.6520720290241151,0.3101458855437015,0.6086932638338006,0.24869468933087452,0.5414599788145137,0.39436474590408743,0.4083955962250178,0.3926480549830073,0.36230751133931927,0.1913475169284857,0.35132947600916026,0.36137862857538805,0.33814109154139466,0.1760207665614274,0.42487277532164675,0.15172002132480375,0.34685527182521836,0.5251465328822048,0.3560084887482005,0.4174985209338306,0.43399134404270634,0.04592420910067092,0.46802683147191004,0.5923401593796583,0.11213641938468878,-0.0014237122887619154,sub_pow,pow,49,190,logreg,site
2,0.5244336330946731,36.32,0.5761641715860126,0.6776380375954438,0.5499569534028502,0.7654561566659979,0.6338434810027785,0.3237507804639135,0.6114194706608319,0.10572303650679614,0.5843054556613978,0.40664357354369773,0.4392234531879847,0.37989514999244195,0.39047791959215566,0.23783379518647252,0.36268740070238115,0.3520279578855154,0.31726731019229343,0.16866270376455947,0.46164017494521625,0.18280005919614833,0.3466448263288856,0.5681998610061261,0.24584510598912537,0.41314998843339595,0.5770587677760886,0.0790732813500119,0.443462504703349,0.5351575062986501,0.19574440703732127,-0.001591879367085256,sub_pow,pow,49,190,logreg,site
3,0.5255731996341291,30.52,0.570473226227024,0.6936092437742984,0.5702638054288433,0.7564713274857388,0.6478916045573432,0.3635767313410303,0.6536258373746491,0.19367954566503637,0.4997444178875665,0.3850672078923428,0.40869954497671696,0.45377277948383443,0.3609493581339659,0.031421937067903055,0.36764455275460683,0.3480288504676653,0.2810038826843276,0.17368752674509053,0.385453810811214,0.15506178977586418,0.36137127103367034,0.49592779881247284,0.4441031722802769,0.33685904817007045,0.5424083469702177,0.11450937252227023,0.40098168863600925,0.6379111357228425,-0.0015482090856415737,-0.0021363780659706642,sub_pow,pow,49,190,logreg,site
4,0.5158284568187319,34.43,0.5781749992396011,0.6707629427206412,0.5363578879372928,0.763822965224254,0.6116222425661374,0.3664550352627708,0.5793107410145852,0.1541704503591233,0.4800918041883308,0.4216299300988045,0.3691004661056245,0.4009864025186408,0.3464754157231492,0.11328101188140711,0.3329246708295605,0.3507303037670585,0.3902091996363965,0.16457211964609603,0.4277757286540854,0.17974325846556855,0.41798185028862544,0.5965022445945122,0.2614677178944737,0.4264316069289357,0.5427161430671265,-0.003538344155938144,0.3290902853127106,0.5183297809404034,-0.001518028493822369,0.15264791062164046,sub_pow,pow,49,190,logreg,site
0,0.527303384260537,34.82,0.5918547532163695,0.6984506623920639,0.5705389989844151,0.750588545694478,0.6403371437742098,0.3222519596973474,0.6261924921826499,0.2331886409709494,0.5201621238803014,0.4038175521759051,0.44658719889127585,0.41961586557771763,0.3788165493348407,0.09266536424378552,0.3942027279618789,0.3346571424744333,0.28551274502374285,0.15217647975274623,0.3736948798301085,0.1397007244394745,0.3292391359461842,0.47911627964880016,0.2622881072044839,0.40969607509459655,0.6337367335602455,0.10305129485622902,0.3142907303927821,0.560503916427198,0.11440104614257485,0.07353548634820521,sub_pow,pow,50,190,logreg,site
1,0.5224291609961833,36.41,0.5864682434715102,0.6873858461290044,0.570546448037286,0.7510961877007453,0.6208245440881539,0.3107435159778286,0.6177987092895925,0.20298133953367897,0.5362702484449489,0.3941768384866454,0.39879273271306587,0.37048748668701476,0.34015007145762377,0.1963241270732081,0.39598268306238793,0.333177859827233,0.34407432412672456,0.2005237335030705,0.40076252257338035,0.15633113786250097,0.33483157536794483,0.5573379099689293,0.4050035192976417,0.44587808006923674,0.42574138808849715,0.04254445506032675,0.4386903714994368,0.5236136242877741,-0.001340686804415347,-0.0012328775851590422,sub_pow,pow,50,190,logreg,site
2,0.5272372768516136,34.01,0.5832893683317936,0.6847229453848238,0.5546394550937019,0.7827652233484079,0.6255687834963963,0.298875057439383,0.6078835857638065,0.09076797361598751,0.5939902142526549,0.4209978222088187,0.4573724744348905,0.37152414028544994,0.3812918618116926,0.23610731545874586,0.3762420729544916,0.32920443820251677,0.28700895325090675,0.1824534178947592,0.43602912440637104,0.1645861734268515,0.45411501026438933,0.530178304431687,0.27103865792225906,0.4424708160112661,0.6046285151199522,0.046360658583658315,0.46012557194857767,0.5307156730436438,-0.0015482090856415737,-0.0014237122887619154,sub_pow,pow,50,190,logreg,site
3,0.5353961495113403,35.95,0.5858987463153512,0.6975150370572681,0.5962102410187392,0.7707479333949385,0.6302749184377514,0.37878453342408386,0.6586757682937148,0.1441733295335656,0.5178138039351223,0.3817094793654915,0.412882020770609,0.44575094445014624,0.3891351200829268,0.021886406685305827,0.3785897030959405,0.35794901792953165,0.3150084507370983,0.1773033900929228,0.3779296419609668,0.1284823319799555,0.3794724267913432,0.5168418343562503,0.386241148733356,0.4358013164388607,0.5707113669251304,0.14709073802654296,0.38251718070527246,0.5734755122996799,-0.002048553883575967,0.1403319854849215,sub_pow,pow,50,190,logreg,site
4,0.5182073251925686,36.56,0.5831010056743792,0.6735510518867763,0.55453471832592,0.7713855404124123,0.6172131553609778,0.3382478658668523,0.6058238148309787,0.18478274641372042,0.49653590398888686,0.4077530042412314,0.4088887024489161,0.4012722484388839,0.3237000574582869,0.13231211905419699,0.31405769293358365,0.32990526708984164,0.3271876739508095,0.21141434535499207,0.4221300991493793,0.13397379063706222,0.3752830369585072,0.5855952923123324,0.24119093197461738,0.42582187987707415,0.5368287506278283,0.11340578655328022,0.3411687428032623,0.47063728791815,-0.0013145516256615772,-0.002467438343674462,sub_pow,pow,50,190,logreg,site
0,0.5270182516097497,36.17,0.5906548357065925,0.6945540163574514,0.5737027604140508,0.780585630578909,0.6529225719432105,0.33123242256849705,0.618671064054293,0.26481367122311855,0.5576816985178286,0.3740475052937283,0.4239303410404186,0.4136204993833159,0.350539286397307,0.05621262534143747,0.36461670315038847,0.31273851717702894,0.27270687476746924,0.14340263007329979,0.42565175135072786,0.08475506606303723,0.3060592011879393,0.4877655254766551,0.2935613607868606,0.4022958324896858,0.6582906943956064,0.09496847122985716,0.3617970868315564,0.5183297809404034,-0.001518028493822369,0.06533169310358007,sub_pow,pow,51,190,logreg,site
1,0.5161326527840835,35.06,0.5884258121399677,0.6641174636257943,0.5472912094612081,0.7586487264286107,0.6239798717907559,0.30406373220467514,0.5887690567988151,0.2676203460454339,0.5832230310979245,0.3725754555340207,0.4153807410499407,0.364042334421002,0.34117547394257397,0.17212918317820633,0.3787969774698269,0.33576291822020826,0.3245737575975742,0.14921858240075248,0.42487277532164675,0.0738973516964645,0.3368174975682203,0.5537214753930451,0.4075256381510719,0.3646856940912278,0.45390271955966865,0.03522327666375904,0.492476153402126,0.6031908793252054,0.07836222815507494,0.08547990774435148,sub_pow,pow,51,190,logreg,site
2,0.5237125429103506,36.9,0.5867528267337557,0.6885895229455047,0.5434059085834542,0.7776026406893862,0.6296529772784814,0.3181792670592821,0.6022606423159622,0.09507944044853361,0.5663707079440778,0.42254125734326947,0.4429613270080148,0.36057116283224194,0.35395913776285853,0.24499900258168023,0.3785897030959405,0.3215965983081839,0.3049224721784703,0.170101140496382,0.4158293162770829,0.18280005919614833,0.37271403489679716,0.5214365051422626,0.2661310928720697,0.46616677176036236,0.5770587677760886,-0.0023380908684068444,0.46802683147191004,0.5119880169480056,0.07836222815507494,-0.0017439486587719313,sub_pow,pow,51,190,logreg,site
3,0.5287064989361004,32.89,0.5829403906864735,0.7046901099830236,0.5687182383613589,0.7601051423456544,0.647054540470237,0.3752484103812456,0.6396214422199485,0.19326721861859758,0.5135617350566766,0.36450152033127897,0.4025698184007661,0.4364058321185093,0.36126062756694366,0.06437824783484083,0.40249186642996937,0.38805707018858443,0.3025139827222277,0.13230592248840514,0.4138226472042785,0.17349462044744524,0.37442548322752783,0.49148180042472617,0.36743416097618775,0.39607576751025997,0.5093885277023419,0.1618450910016337,0.39538057135461147,0.568963643212257,-0.002048553883575967,-0.001591879367085256,sub_pow,pow,51,190,logreg,site
4,0.5203806271365995,36.63,0.5834225657771908,0.6763324653562912,0.5510735712891911,0.7688983002270291,0.6024699075428284,0.3399968534735668,0.5943738077829601,0.2676203460454339,0.47275531579609426,0.41207815263222664,0.4139921707558796,0.4072517087307452,0.36013519083787715,0.14555502759154484,0.3236450267153143,0.3591576092023725,0.36263074977328447,0.2076470492457641,0.4337843273583504,0.1397007244394745,0.4268366291881944,0.5976313971838134,0.19317931676148667,0.4022958324896858,0.4814024247433895,0.0397211893949945,0.36667188250771404,0.629446101542705,-0.0016973360819023224,-0.0023622131366531577,sub_pow,pow,51,190,logreg,site
0,0.7183064573767487,91.92,0.72883952886129,0.8806737865772742,0.8049923940348107,0.7488921393717466,0.8079760648530867,0.6107138190461413,0.841354760215964,0.6853519035512257,0.8150105875085195,0.6645804203553349,0.5667973145001206,0.6421302592498965,0.6384216755489641,0.23840043012728837,0.5753478931231428,0.5813509815013697,0.480773221896213,0.42876759194448716,0.7534593615555056,0.11629474497805117,0.8236795378695124,0.7787242442511243,0.6163642192823717,0.747380697001904,0.9112497020085254,0.24882374932918724,0.7664421799319283,0.8747528060070666,0.3188215584608312,0.16874268908546072,sub_cov,cov,42,190,logreg,site
1,0.7090820980093026,82.78,0.7170918316633306,0.8634654634967285,0.778161787235201,0.7602298642039211,0.783179596162181,0.5993942791379884,0.8197346095734894,0.5496321145339798,0.7909101198146528,0.6634251019672681,0.5565653614895012,0.6183774548865374,0.6471653855642276,0.30335035816611516,0.5198588707132872,0.5925676212274426,0.5082570195143877,0.49056571361316,0.7702281305382416,0.16403321427177,0.7884878969238663,0.875354800639593,0.5488938094601123,0.7138959349335087,0.8292329438028206,0.24396370015985686,0.7313910423261399,0.9445085505405235,0.24629880271837387,0.29940416881448184,sub_cov,cov,42,190,logreg,site
2,0.7161366952540835,105.76,0.7375204726117923,0.8658067247498015,0.7955598738048464,0.7336467798646733,0.7906396668007876,0.6659132873073862,0.8386808741483412,0.653977919254916,0.8240776211322413,0.6833937286021957,0.5371740125749033,0.6218944100276104,0.6644758269991695,0.29464146674182284,0.4860905735787395,0.6486617408218865,0.49170342532127703,0.4823243724660567,0.7275640700453977,0.12253191547483998,0.8740277140728553,0.7681446836779255,0.48091790875760765,0.6487148599562874,0.8829283774425974,0.10559594269884608,0.7730179384783994,0.9594956318146153,0.3785696706885606,0.25541185509779557,sub_cov,cov,42,190,logreg,site
3,0.7123873252278976,90.37,0.7368153234184617,0.8882387622511928,0.7989040843148696,0.7380978209621245,0.7581561900149981,0.5665811263349978,0.826564448144736,0.5386922698584032,0.8481578279214383,0.649852986789617,0.5785481595820026,0.5819502729115515,0.6321772680064726,0.2327579398317843,0.4900056942624498,0.6459648165722237,0.5586381266840257,0.4036685224167471,0.7619220730521115,0.04852274068612843,0.8582178191651922,0.8231596156120728,0.6150445556279845,0.6855539479497335,0.8781538695479788,0.17044924127682193,0.8078824393079337,0.9148149843035114,0.11087136394356703,0.264420086501198,sub_cov,cov,42,190,logreg,site
4,0.7201700310384652,93.23,0.7294898185504556,0.8648514217071548,0.8043228873642468,0.7595064145513327,0.8006075912984101,0.5849006653649238,0.8440342092016281,0.6286212436589564,0.877627781770067,0.6592414118910388,0.5530119542221106,0.6506122192562218,0.6849515894939798,0.21686558572023248,0.48790423061133825,0.5632914064341318,0.5131042081607438,0.4836802499582965,0.738292109759281,0.2421103404421108,0.848089687731357,0.8446384935576214,0.5482921002456015,0.727763243937942,0.8646303657126935,0.1965736278220531,0.8389498678074448,0.8896706629514771,0.18783975104914258,0.34034120444039373,sub_cov,cov,42,190,logreg,site
